/*
Navicat MySQL Data Transfer

Source Server         : 本地数据库
Source Server Version : 50168
Source Host           : localhost:3306
Source Database       : model

Target Server Type    : MYSQL
Target Server Version : 50168
File Encoding         : 65001

Date: 2016-05-21 20:24:10
*/

SET FOREIGN_KEY_CHECKS=0;

-- ----------------------------
-- Table structure for `s_dict`
-- ----------------------------
DROP TABLE IF EXISTS `s_dict`;
CREATE TABLE `s_dict` (
  `ID` varchar(32) NOT NULL,
  `DICT_CODE` varchar(50) DEFAULT NULL COMMENT '字典编码',
  `DICT_NAME` varchar(255) DEFAULT NULL COMMENT '字典名称',
  `REMARK` text COMMENT '备注',
  PRIMARY KEY (`ID`)
) ENGINE=InnoDB DEFAULT CHARSET=utf8;

-- ----------------------------
-- Records of s_dict
-- ----------------------------
INSERT INTO `s_dict` VALUES ('402881eb54ce97220154cea1f0920000', 'd_gender', '性别', null);
INSERT INTO `s_dict` VALUES ('40289ff152b6c0870152b6ca76940001', 'd_userStatus', '用户状态', '表示该用户当前是否可用');

-- ----------------------------
-- Table structure for `s_dict_clause`
-- ----------------------------
DROP TABLE IF EXISTS `s_dict_clause`;
CREATE TABLE `s_dict_clause` (
  `ID` varchar(32) NOT NULL,
  `CLAUSE_CODE` varchar(50) DEFAULT NULL COMMENT '字典条目编码',
  `CLAUSE_NAME` varchar(255) DEFAULT NULL COMMENT '字典条目名称',
  `DICT_ID` varchar(32) DEFAULT NULL,
  `INDEX_` int(11) DEFAULT NULL,
  PRIMARY KEY (`ID`),
  KEY `FK60F67C2C86674166` (`DICT_ID`),
  CONSTRAINT `FK60F67C2C86674166` FOREIGN KEY (`DICT_ID`) REFERENCES `s_dict` (`ID`)
) ENGINE=InnoDB DEFAULT CHARSET=utf8;

-- ----------------------------
-- Records of s_dict_clause
-- ----------------------------
INSERT INTO `s_dict_clause` VALUES ('402881eb54ce97220154cea21af40001', '0', '男', '402881eb54ce97220154cea1f0920000', '0');
INSERT INTO `s_dict_clause` VALUES ('402881eb54ce97220154cea2369b0002', '1', '女', '402881eb54ce97220154cea1f0920000', '1');
INSERT INTO `s_dict_clause` VALUES ('40289ff152b6c0870152b6cab1030002', 'true', '可用', '40289ff152b6c0870152b6ca76940001', '0');
INSERT INTO `s_dict_clause` VALUES ('40289ff152b6c0870152b6cad6c70003', 'false', '禁用', '40289ff152b6c0870152b6ca76940001', '1');

-- ----------------------------
-- Table structure for `s_menu`
-- ----------------------------
DROP TABLE IF EXISTS `s_menu`;
CREATE TABLE `s_menu` (
  `ID` varchar(32) NOT NULL,
  `MENU_NAME` varchar(255) DEFAULT NULL COMMENT '菜单名称',
  `URL` varchar(255) DEFAULT NULL COMMENT 'URL地址',
  `ICON` varchar(50) DEFAULT NULL COMMENT '图标编码',
  `REMARK` text COMMENT '备注',
  `INDEX` int(11) DEFAULT NULL COMMENT '菜单序号(菜单栏中的显示顺序)',
  PRIMARY KEY (`ID`)
) ENGINE=InnoDB DEFAULT CHARSET=utf8;

-- ----------------------------
-- Records of s_menu
-- ----------------------------
INSERT INTO `s_menu` VALUES ('402881eb54ce97220154cea47f530003', '字典管理', null, 'book', null, '10');
INSERT INTO `s_menu` VALUES ('402881eb54ce97220154cea4917c0004', '系统管理', null, 'cog', null, '20');

-- ----------------------------
-- Table structure for `s_role`
-- ----------------------------
DROP TABLE IF EXISTS `s_role`;
CREATE TABLE `s_role` (
  `ID` varchar(32) NOT NULL,
  `ROLE_NAME` varchar(255) DEFAULT NULL COMMENT '角色名称',
  `CREATE_TIME` timestamp NULL DEFAULT NULL COMMENT '创建时间',
  PRIMARY KEY (`ID`)
) ENGINE=InnoDB DEFAULT CHARSET=utf8;

-- ----------------------------
-- Records of s_role
-- ----------------------------
INSERT INTO `s_role` VALUES ('402881eb54ce97220154ceab271f000a', '系统管理员', '2016-01-07 14:20:05');

-- ----------------------------
-- Table structure for `s_role_menu`
-- ----------------------------
DROP TABLE IF EXISTS `s_role_menu`;
CREATE TABLE `s_role_menu` (
  `ROLE_ID` varchar(32) NOT NULL,
  `MENU_ID` varchar(32) NOT NULL,
  PRIMARY KEY (`MENU_ID`,`ROLE_ID`),
  KEY `FKA946169C5C4B74C6` (`MENU_ID`),
  KEY `FKA946169C75BA0966` (`ROLE_ID`),
  CONSTRAINT `FKA946169C5C4B74C6` FOREIGN KEY (`MENU_ID`) REFERENCES `s_menu` (`ID`),
  CONSTRAINT `FKA946169C75BA0966` FOREIGN KEY (`ROLE_ID`) REFERENCES `s_role` (`ID`)
) ENGINE=InnoDB DEFAULT CHARSET=utf8;

-- ----------------------------
-- Records of s_role_menu
-- ----------------------------
INSERT INTO `s_role_menu` VALUES ('402881eb54ce97220154ceab271f000a', '402881eb54ce97220154cea47f530003');
INSERT INTO `s_role_menu` VALUES ('402881eb54ce97220154ceab271f000a', '402881eb54ce97220154cea4917c0004');

-- ----------------------------
-- Table structure for `s_submenu`
-- ----------------------------
DROP TABLE IF EXISTS `s_submenu`;
CREATE TABLE `s_submenu` (
  `ID` varchar(32) NOT NULL,
  `SUBMENU_NAME` varchar(255) DEFAULT NULL COMMENT '子菜单名称',
  `URL` varchar(255) DEFAULT NULL COMMENT 'URL地址',
  `REMARK` text COMMENT '备注',
  `PARENT_MENU_ID` varchar(32) DEFAULT NULL,
  `INDEX_` int(11) DEFAULT NULL,
  PRIMARY KEY (`ID`),
  KEY `FK5A36E3936B6FDA31` (`PARENT_MENU_ID`),
  CONSTRAINT `FK5A36E3936B6FDA31` FOREIGN KEY (`PARENT_MENU_ID`) REFERENCES `s_menu` (`ID`)
) ENGINE=InnoDB DEFAULT CHARSET=utf8;

-- ----------------------------
-- Records of s_submenu
-- ----------------------------
INSERT INTO `s_submenu` VALUES ('402881eb54ce97220154cea88c500006', '菜单管理', 'admin/menuManage.html', null, '402881eb54ce97220154cea4917c0004', '0');
INSERT INTO `s_submenu` VALUES ('402881eb54ce97220154cea89fe00007', '角色管理', 'admin/roleManage.html', null, '402881eb54ce97220154cea4917c0004', '1');
INSERT INTO `s_submenu` VALUES ('402881eb54ce97220154cea8b4200008', '用户管理', 'admin/userManage.html', null, '402881eb54ce97220154cea4917c0004', '2');
INSERT INTO `s_submenu` VALUES ('402881eb54ce97220154ceaa19370009', '数据字典', 'admin/dictManage.html', null, '402881eb54ce97220154cea47f530003', '0');

-- ----------------------------
-- Table structure for `s_user`
-- ----------------------------
DROP TABLE IF EXISTS `s_user`;
CREATE TABLE `s_user` (
  `ID` varchar(32) NOT NULL,
  `USER_NAME` varchar(255) DEFAULT NULL COMMENT '用户名',
  `REAL_NAME` varchar(255) DEFAULT NULL COMMENT '昵称',
  `ICON` mediumblob COMMENT '头像',
  `PASSWORD` varchar(64) DEFAULT NULL COMMENT '密码(SHA-256加密)',
  `CREATE_TIME` timestamp NULL DEFAULT NULL COMMENT '创建时间',
  `E_MAIL` varchar(255) DEFAULT NULL COMMENT '电子邮箱',
  `TEL` varchar(255) DEFAULT NULL COMMENT '电话号码',
  `STATUS` bit(1) DEFAULT NULL COMMENT '状态(0禁用 , 1可用)',
  `ROLE_ID` varchar(32) DEFAULT NULL,
  PRIMARY KEY (`ID`),
  KEY `FK9304D83775BA0966` (`ROLE_ID`),
  CONSTRAINT `FK9304D83775BA0966` FOREIGN KEY (`ROLE_ID`) REFERENCES `s_role` (`ID`)
) ENGINE=InnoDB DEFAULT CHARSET=utf8;

-- ----------------------------
-- Records of s_user
-- ----------------------------
INSERT INTO `s_user` VALUES ('402880ea52271d6c0152271d6da80001', 'admin', '测试', 0x89504E470D0A1A0A0000000D49484452000000C8000000C80802000000223A39C9000080004944415478DAACFD67B025D9751E88AEB5F6DE9979FCF5A6BC6D53ED0DDAA0E11B8E000D089120298AA2288A461CB9E0BCD0889A19519A8889D08428BD788FD2483394466634230D444920291A80202CD100BAD1E86EB4ABAEEEEAF2D79BE33373EFBDD67A3FF2DC5B556D4030F43232EAD63DF79CCC3CB957AEBDCCF77D1B9FFDF2585555954187637EF65BC50BCF8E4E9C9E995B86DD0D180DA5BB9B0FF25231FF899FB92D6B942F3F3FB87601CADCA98A318AC4DE7B66AED56A603049D57B4070401A8230C7662B2D8A80C62435046B8D434500CBED59D79973B5063AC78985C468963A6310010212230A80071E037A25E578B2250F1EA4C2633E8E9DA9DA38C0E69007856A0CB38DB4E9B88C260FC80C6442EA080C3DBD5D9E2F2D8B44355104C40AC37818FD802994AD5652DFD5433A387DB8FDCCD3830347663FF39BCFF43757EA69B974B0F1E28B4FA90C99871A0BC23152222C3E14220100C6797F77F78272CF1862B42E999E9A5A322665664384448200AAF0A64D0114E12D370500BCE16D6FF91ED5A228D25A8D0C11228BA82A02882A80221221BEF944A23A1C0E1BCD2622AA0A000010224DDE89AAC0D5E58E86A37AB383D70FA240379DFDC68BD97F1B00F82831C62C4B0120046F0C9188541F50D524C543C76B69869BEBF9D68A55458E51549C75A8E9535F5B8901A7A61A8D4616A3171151B5D64D4DCDD4EB4D40C3D194057120618C9E7C69C603CC47846899559894AD73860841C57BC9C71CBC2222025417498A00A4A8512517D8F538F092FBE0341E6C190E2E1FC77A23F31E4623290A15514B04CAC699BC6415001502489DE90758CB51444494554434C6C881358225A762A8B059C98B4B5959E8CCAC5DBB361E0F4A9578FBEDB7EE6C6F5A8386905089400197E64FB7DB33086088086938D8111820696470B63D3B7DD0D98C109DB5D5ED2644FA9E37434488FB3681FB1B4D7640A876638C752EC400AA22820054BD91288448F8D6364B88699A8EC7634440A2BD2BC3C98E7B57819465B53798CEF5ADFA15E0FA7EC3E6AC2544614144554024BAF130C6D0F46C76F048733CCECB521029AD25CC2202227CEEECFAD63A375AA6D54992948880905429CF4B44034008183CF812CA5C7CA1C10BB3E663EF6CAD2C381FB3F7713C048E860539428C18828A208112A8AAAA605428621C84B0ED7D5F35570C6016EB66A66977CA50ABA7003818EBA8D420288C756B52031120B0B04483E08808713587916064880291B50C3146E602640C3E8F31900E8A85164C379A808EA07EF1954D5F0E96163A278E1DDCDD5E5729544AE14220D6B3C3478FDC312EFA488C2AE361D71743501435CEB5A73A8BD624D79F66C4EA29FDDE3766A9B6BD117C1B87A6A0AACED9B22858446FB6006191B7F391AA49E2620C377FE826DB032050722EC1377C5AF77678930FDEFB93AA02A275AEF425220250F0BC67B5488488A82EF10B4B9988DFDDE9898835E4BD8F31B2F070509E7D61BBCC896CA8D7ADB58E456388D57D515166655611885143141545C418A3AA125191FB18C597B12C0312AAB20823A031C65A4BCE015220C85106A2FD88E388814514ACF2A1165AC47E6F9038EAF6C679E15984850D82B3D46AD96E2F56236A089DB539C0EA4805511500504585350691A81CC5972C05DA5C669A48148A310F7A7E6B7B857074E68EE3DBDBAB3116CA91A357859A5B7AE73B7E786B67755CF4552104DF1FACA319A19235AD99E98369DAAC865955F73CEF9F6E63615125A2B79B02F7BD17202062AD561F8D4684A800528DABAAB54644DEEE140858AF374208089353E88D13AEA20A2012007DB76F70F3E5E9CD2F1843D6BA18A235B6F49E6EFCA0114881969793C5A5E678148ADC034ABDD18C12A2305A73F1D2F6E686370ED23A9445CCC72C624025AB83AAC6A81C89C544411604324AE483949E932C61742CA68C8C89346774F1B05D38E0DA53860CB14972B42334238521EB98A91410056044D6A5B45CEC1816C85C63987309565D527A31228D046D0AC30262A0EA96582368F5523FF6995935A044558E282155EFD853598A7A921EB70CCE765254D3DB86DE76D8D9DE39B0D03EBC3CFFF24BDF4188022580765A071F7BF887A667EBE72F3C0B8AC23018ED7AEE0146EB92A999832E6B89A24E2687EB37131550E17BDF38C6B777566FDC9CB3D6DAD2FB2AC0AA366B6D0CE1CDE7ACE62C4070CEB270E55945F5C67D3F167ACBB870628AAA74C33754BC714750002097A4AC82D5F4BAE7D1A4F2E08E6267860E1E6984E07BDD1C50DAD32912A88A8074BBA34B17778A9CC9B0B11C435081C89C257522278CCC2AAC22A0021C454559643018D8D410615EE4A6369A3910E60E98CE6C92D5400D171A87310CCB30F6A1885C8A942CACD5834A298433F3B69EE0701459889522637F580262EA6CE2D018198C3C200120215A4B85E8EBDB3100880A2006E618257A09A5845262442971B4DD9B6EA7201272F7CA8B83417F489ADC7EEB89C4D1C6C69A485461D4FA7D777EF4E8915B9E7BF12B65E8022073312E775886A0D46E2EA759139080A81ABA7DC3C0EB51F8F7B411918856F71FF57BB2C724497C5956735035F08838B10E7DEB4320E2DEACF5B657F7B6E77EDBA3569F42467259D32553E448416BB51A4DEC540100D018208BE267E68C4B43AFD7CBF3B251778D8601655015D14B17AF08A7CEA5F586AD371D0028DBB595F1A0E76314615016151116650531124D5104EFCB5647160EC533F7340E1C71B5BAF59106396EF5E2E620F68A580A04A5A886191514400C29112E34F0E0742D0694881629463144894167D022A6160C12472554024D5344D46B03EC21455500E2481291BDC65235203061241DC754A891503EF2AFBF568CC7341CE79D963B7C60797B6BC79739A8D4D3F9871EF8D0E993770E869B2F9F7BD2D926337407DD320E80D26673B9569B43988410743D36BA39BA554445F8934C051199B90AF70111144811C1BCDDCCA8004464ACF56589376467CEDAD2FBCA0EDE64180000841442D8F3AD0A7FE295DDB0E5F97877772D72F9866B9F5E3C626B1D029C9D5EBCF5B6F7BBC682585463E8E6F71180B5D634DB78F8D854E98783DE48459ACDD41822A466BDDEEBF577B6BB0826491D80C618593484A05AC5F8CA22C2AC523D1A9A26B6DEB0B3F3F6CC7DF5BBEE6F4F4DA708C978489B9B716D2374FB9AE710952250501441248B558A6228B17C6CC618C210C5252A18F23C48640420842C21673594826A508508AD8191E2152F250A83A82A304A040E22413848F42A41791C6B545BBF561868BCF6CAEE281FF587BD871FB92D4D2894FEC0D291F9E9631F78F727EFBAE321C0F0E22B4F184C0E1DBC25C67C38DE04D44663A9D33ABE3C7F8773754016E59B4768CFAA00F17BF65CD6D9D2979557408034A9356B0BAAF47607408024494AEF59A4FA1510C918154522DD7BCF1BCC31CBD2B2ACE2EB3FE5540D50AB6559968E465D617FE3F71D0E46874EDCEDD25677B07BECC47D8F3CFC53B5FA929A92007192774E0C5B0C69BD4E478F2DD46A69BF3F8C41B3A4E69C15E1C1A01FA2BF7AF56A88D1266A0C16BE0C31B2C86467110155045050465B2C1E81FB1FEB9CBA236D4FD50CD54783FAFA1577F5026EACC6E120862811D4337BE1A81251558100090914E65D3CD0244060A1243369EA901CA02525876848AC85F12820282018424BD417DDF18104544905358A06D5A01A44028492C1038E194B331EE5EB9B6167270C87DB0ECB034B6D119E5F58F8D0073FF6C10F7C6279F9F033CF7DABD7DFB9BAF2CAE2FC897E77B73FD850CCD3A4D169CF2E2EDD7EE2C48388465841DF62EAAB72BD1B1D872A8856B315821AD0148026F526C434CD0683A15476A5B5A2D0C3876EE3A8A0B21F60EF0D27393305D830C6D4B29A2FCBBDB32B823136F13E129A5A7346C1DE185F57932091F13E10D07709C3DFFC3A2222DA5A6DCAD9DA783850E12A888C9804CE37AEBC70F2D43D792872BF7DEAD47DEF78F0074D32458A681357A524084AC0849224383BEFE6163A3E84E1A80035599A00082B23C1EAEAB5E168E83210903CCFF3A2F031F8E8037B468EAA6AB9D6CC8F9E92473FD0B9FFDDEDE56349D6C25E5F2E5DD4575E2EAE5CCBFBA352018D310A08C60881203041342C861181901290630D984A6D9563FAA8A280864415119D05672446104040450263110C5CEAB18FC24802200A002401D8AB46E58022AAA52491D00766595D1F8E0BCFDCBBFB8EE3CEAA44400063EC381F7CE1ABFF5E245EB9F6F268343A76F4B6D58DF365E85B934CB78E4FB76F7DE8C13FB3B27DBE0CA3D9A95BEBB559D0CAF10B808A68959DC5186F1A2CD45A366530434550F7F0039FACD70E2A56F549502444C35144A0569B6F4FCD67B5B4553F080000C6D99976E7B828AAAA003E70FFC78E1E7E08C02649AA82120594009DA231E49401D0CCCC1F35AE014830998DAB3351AD561F0FC7C24A40866C658F42A866B2DF347F613AD5394AA60E4080A4E8B25AC71A1AF6B68123294E373BA74FBF8B836CEEAC2F2DDED5EF77895C7DE6C0B1530F91AA96A567E1897324022263A9D1E103471B26819D9D9DB22CD33423342A5EB81C8C763637D7ADB159968872510ECB32F7E5288611C75192F64EDDCA0FBD7BEA81774E1D3AEED2CCE403B77E2D397F96D75687C361E17D9814402A0B3208880ABAFFD813A1B1D4A278A06341211F4BF0E24B35C630ABAA1AABCE49A369C66305B0806808ADD51D85D571C900E5645E468EC01124109718C61C73F183A85E24C4DEBABB76D1ABF803CBAD2387677DC92FBDF4B22FCB6E77EB8F9FF8CD4B175F3B71F4E4F9D7BFB5307BE4E2C5B379B9C31C1AF5B956E3D0C3F77DCA39B3BAFE52235D5C985FF23EAF425405140511A97C950F7E52E656A8DCF8F2E2892C5D5252405A5E3E73F2C4C3880EC11AAA1F5ABEBB9ECDFA1010D58751A3D9B9BA72F1DEBB1E07481168BA7DEC1DF77D32CDE6000140F3BCBCEDD44386EA444096CAE0159399E9138816099080C56F6D6EB45A538086C0B59A0B59BD0304F5E694495224621140B374E028994415B37A07A92E40A0E646EF4BA8470FDF75D7ED1F04AACB24F34BB2C63448F4C55055FC686373EDECECD2E94BE75FC8D20CB146A8ECF3EEDA0552051160060150244152402034899F5B4C9A6DD71F8E06A3113365695D380F218F3C5C597F3D71D09E3249863E0CCBA28C31B7581E3E241FFCC8C27B1F6F9F38EDB29A166359BB5CBEF0CCE0E9AFF5B7370B0E4406018D0200A154355934883787230806F958279D6E26B90FC610A272141F20445114444E0C962515DE002120196711CDF95D1CA161244450416582005C0217361FAA1F70B123F9764E119069D4E3E16E31EA779797DA00FED96F3FFDF4339FFBFC177EF337FFE33F5B593B7B70E9D8CECECAEAFA85C4D995D5B3C57830D55A98E91CBEF7AE0F1D3D7C66F5DA4B210F779C79C7EB97BF1D658C482AD6990C144360150040434995C54761EF191854F0FE7B3F64A8566FCC349B53B79C7CA8599F037096E0F4B1475AED032282401C731F71381A1E3F764FB3B608A2ADE6C2A953F7DD79FBFB580C00F67A3B070FDCBABC744A31A4990BEC23F8CEF4F1566719202A7019F2B2E8355B73A048909CB9FD233333B70BEAD4CCA1AC31576F6622AA4022CDD9E96360D026B533671E6B6487A3E88DE3C01C5E39FFD4F1D30FBDEBDD7F89D256346166FE3024ADCEDC42EE07E351372A6F6F5D360CC74EDEB7B272EEF0A16300DA6E4C8530226115D12A8763D12A6052502468B5B3D9B98EF7A35E6F2B784D9314C944F6918BEECEEADAC6A546D3D66BA9B2DA6474CBED8D0F7EFCC0F7FDD0F12327EA2A6ED473975E35CF7D1D9EFF565CB95C781FBD8F2C90A4D62686AA80C8102208C8A4555015330190B0A1F989592BA2C6186341444530CF4515103071962CED768755A8400464A0CF7035F7088928AA608C1C8294058752F271F08584100DA14332801C997DE9FD00B44F009BEBBB2F9F7D6E345EBB7CF53B9E378D71070E1C7AFAF9DF9D9B5DE8F636C7C5AE88346B078F1E7CC7FCDC1132FEDCEB4FDE71EBFB3736D7FA836D616596566B71767A1985405091086AB79D7C0780054061B1D620D0CEEEFAD14377DC7AEAF1566B0EC9B53B730716EF062066EF63B8F38E878C75A251B0400C2E312FBEF2C4F123F70885B49681A6F7DDFDF133A73F0A900CF37E92348F1EBE072121CAD2AC9617431F774F1E7F50D121991831F851F06C9D05139BCD857BEF7ADC26498879A331AB10991990BA3B5716160F1B6AF476AEBC72F68943870F1D3E7C47924E01D27E7C95176B5F7EE2DF9C3876C707DFF7F39DF6C1B1EFCD2D1F0DD4ACD5E7C7797734DA45E1ABD79E5B583A4226B970E11950D36A4C393B4D0C24400A248A2CCA22515885113449E2F2522B4D7838DAF47E5755B2A483688D3183D1E6F9F32F5BC7D3B374FA74E7431F3EFAA18F1EBAE5B6A64B603476D756DC73CFE6CF3E3D38FFDA60301051076444A9608084D081185552B50A168D03A41B6B6F6255975AB57606A597C410111867A3601E3944B1168C1545504C010451AC0130B05E68118901450D47E33D96650C2C51D43969365D63266B66CEC6123930738C4508236BB4D96A3DF3DCB7F2A20F684554811BF576AFBFB5B57D2984A23F58EF75FB9DF6C2C1C53BB3B4E93DF7FA9BF5DA52BB3DB7B2764E98548D443B3BBB301CF6DB6EF9D693F790056673F2F06DC6A48A36B222A21A188D7646A3ED7BEFFCC8A9E3EF322673AE71EBADEFB26E4A50C1C26DB7BD33C9A682AA02F67B1BADC6ECE56B2F2E2C9D36B596CD6A5BBB17A3F0830F7DE2DDEFFEF9A3C71E14CBF3CB278D6DCCCF9FA9373A5CC8F6F6E585E513265B226740055551C5D9169322B9E503A796964EF5BA9B7333075001516ACD4ED6985ADBB97CF79D1F73AE5D96E3F3E7BE598C76974FDEDD9A3F09D628064026D1DDCD732FBEFCA52347EE7EEFBBFE924BA78D4D9BCD832EC9EAF566776B3DE43D90FCF5979F5A983BF0DCD35FF1E39DD4B59AAD79628D02CC10630C919999385208A86C9C3333B38DF985A93C1F0D065D1F4292D4088D8A84909F7BEDA5E1E8EA038FD67EF0C70EDD7D7FBBDE30CAD9EE7AFA9D6F955FFCECD60BCFF5B7378348220A222A2C0A105904C5244649154551C10018515445501000408294F8580715D4975E0145D45A2A4A2F8AC69A3435D6D9F118050CA81822635140AEE465895198A342081C23871895629A52B3912589C5C2F4AF0CEA52E7001222731EE3B8D1488BD1E0F2A5D7044A50610906A559EB6CACBF8610FABD9D6E6FBBD16C2ECEDDBEB0B07CE1CAD79BF5999595B553C7EFB9BCFAD438EF1261F072ECC899AD9DAB65E1FFF2CFFFB72130594A5C7AF2F8A9C4653E04228388A0A410D7362EB45B07EEBAFD3D59D60C21ECF6D68F1DBD03A961AC49DDECDCEC091654D03C1FCE4C2D757B9BF556BB991DCAD2ECC557BE7CF6F52FD41BAD3B6E7BEF03F77D5040DA9D25224B463A9D854EBBB9B97D2D707EEFBD1F04A4344D47E3D160B8DAAC1F5648C95A6BEBF7DEF9C9E0B5D39923CA5465A7BFB270F0E460B06BA878CF237F2E4D9A2ABCB37DEDCA6B4F2D2E1F3A70E46176539A4E05D344337FF6B527BA83D5C387EFF8C8FB7F3E8EF19EFBDF9564CB8DFA4CAB561F6EAF6831F6F9C670BCEA91FFF08BFF4AC02F1D38485EB4642E63F42A8CC0A411240297121889525C3A3CEB32DBCFB7630884364DDA91656666FEBEFBCF9CB9637179BE91DA56E9EBEBABE68567F3AF7DB9F7DCD31BFDDD188355B0A2022C2000088800A8313019204B8A4855D51A80004CD5081541D58554A71B88A0D61A1590803E409A668E30B508216609FA30A91759AB6465B3946E198521AA08330227D6D6B37ACDD6AC6479D76E5F0D6BAFF78BDD82824A08C2798C3DE601C7DED34F7F85D503884054650113A5E80EB759889563F0ADFAD4CCF4CCCBAF7EC5D94EB355072C3777CFAFACBDE6833786ACE361B11206A3773FF0E1D999E5ADDD15523A74E8C054A76D6D5A94B94B0D1296A18CEC5FBBF07494FEC6D6EB172E3E65884BDF55E48307EEC8B2E668343A79ECEE10444004A43F18346B9D7E7FF3CCADEF6E35E69447CFBFF085E160059841148552533B72F8BEC28FAC6D0A4664B976F9A55B4F3DD8682EBB24E110F2BC7FF2D41D8DF612900AEAECDCE9E523778EE3C8A5D3842603B3B1F2FAC1E533CF9EFDA3ACD5BCEBEE8F61DA24122C47AF7DE72BE570E7E0813BEFBDEFFB1FB8FF471E7AC7A70E1D7AF895D75EF05C4E4D1F78F4E14F5EB9B271F0C81948EACDA905EBD261771BD477B7AE1E3A70E0C2AB2FAEADBF363B7FCCFCF8A7FEC7104D8886A3154DBC075F6A6013D9C44022B62C7067BBD7EDAD6659622875A9397662EEE3DFFFBEF77EE09E4EB32EA5EBEE98975F1A7DFD8F2FBDFACA56BFA7511009148C02AA3222A24134448ED0A949206B389358243529D9046D0AD6A101442368C088DC3E9FCEB5518544909062C4C2830F00004902CD3A8D465246014563344B48AC797E5776420C115449811011C48402C73BDCDB2C86DB613C88A1CFF5807550F6C318FA1C7B12BA65BE3B1A6D8A8C017C88B94A09128B62E4C398D9C7E01D356E3B7DFF76F74A5E6ECCCF9E1A8ED737B65F5FDF3CBFDB5D413444146364F6A70FDDF9431FF9D4A0E87FFE8FFF33A2FE955FFA1B53AD85AF3DF9D522F4ACA51082F7DE3A3B2E86B79C7AD8D9EC8B4FFCF376731689BFF3F2EFB5DA07A63A8BCF3FFFE49123C75F3EF73451349662C0834BC7C6E5E0DEBB1F6F64B3172F7F6B65FD6C598643CB67FAE3B5ED9D2BCDDA9C4DCC6BAF7FBB519B1A0C3795A12C8AFB1FF848E9E3C6EA2B2251512969DD7FFF87B36CA637D86877165BED992BD7AE3A0AFDDEBA468D71D89C9EEB746EB9BAFEFC83F7FF60962E5CBB76169011743CD8F4610044F7DFF7F8ECECAD478EDC56CFA693A48E645AEDA9C58503DD910F22A3F18E05331C6C091689AD977968D792ED9DB5E3B7BD8386031DF478B8ABBD4DD9BA566E5E2D77D765E79AEEACC0F6351E6C89957471F680335494BBCD76FCE0478EFDC59FFDD0DD771EC99CCD4766E51A5F7C7D74E97CD1DB4D0033D618D933A328891A018AA8A2C882680C18641156360E8D03B408FB85135483446867AD2E740C284606046481328A0F2A2AC6B24BD426342EA22A20A8213248BB63D82954D5200022A9622C69DC0B83EDBCE8B31F01074121133025F2611C79A43A969073CC432C54BC4A100E2015CE49F37C28124194D9DB2CAE6E9EEB0D5754352FD79F7FE98B00F96EF79A085A9BF820CED49C6FFCD88FFC5473B6F1B5A73F4F8600F0C107EF49EB8E2CD76A99AA8E46F9F4F4B408C730BC70E1992C9D424DBEF9F47FEA77B76311AF5C79F24B5FF917172E7FB5CCC707168F86D2836A28B79334EBF556638CC698B21C1AE00B179E38FFDA3707DDF5CF7EFED77FF7737F7F69E9886ADD25F51811417777D737D62E1D3A74A7CDA66BF584435C5B79EDF0D2F185B9C32FBDF4E4D6CA8BC3DDD55B8E1F5B983BE89C1DE7E318E3CA95976F3F75CB70383A7FE9C97BEF7ED77DF77E3F980628225239EA5DBDF4CC17BFF8AFF3FC3543716E76DE5A03A0A37C342EFBA74E9D397DCBC3E8A66DA3DD999A1FF63763BECBC5F678DCBD7CE13BDB1BAF99EF7BFC6F7AAFA150F6E40BC84738ECF1B0ABDD4D3FEAF1B8CFA15032368478EAB6850F7DECF653A7665483CFF1CA057EF289D72F5EDAB1692688DE134708B18C2AAC0EC0001AB0A804608C12514A94A8490DA560330227363336236BC15AB424CEA005B8731E17DBA480A3A137D6458151C93EA280B8549254CA0243308040888923B1706E27F604A3AA00C68845C9F990FD40C218E21843CE1240A3B1236D68D43888DCE3D8D53864190A8F95C7AA5EC4AB06110605220050110E3E1A473E8E550400F37CA8C2FDC1B68A7254401B3C4FB7167FE653BF78ECD8D1D9438DCF7CF637BBDDDD63478FFC994F7EECE9675E78E2C92FF958FA32D46A355165160001C5E3271FDCDAB9BCB2FECCD6E615E102552584A2ECD5EB33CE252B6BAF66690A12D4B4F2A277E8F05D36A9BD74F6F33EEFA9FA7CD453F06B1BE7F2627B71F9CECDED6B49920CFBDB65D113F5659433773CB6B5BDD2DBBDC00C96F0965B1E76C9F4F9D79FBC70FE8FB7B65F5EB97AF9D8D15B2F5E7AC99745AD5EE3585EBEF6CAC9930F5DBC7C767169F9E0C13BCAA01BEB17103D9220E060B075E9E28BB57A53C996F9304BAD75E9F32F3F51F85EBBB9303F7F6263EB1A62F47951F6B7B3CC612D0BE57873FDA20D651242441504F185E4232C4BF53E967960060405931FBBB5F1E063F74DCDA7596695653492979EDDFDFAD75EDCED755BEDE6D153072931C33E8F87EC43A994A80AAB9032190242500012552003C6A1A046898935260163C1184014344006DA560ECDA60681014214974088105954C11A321441A92818D00080319458DC2CC326AB22882833849243AE31D750422C0598488D0A6B9004D0AAC650463F501D8A0E5972D09CA550890A8C5A2174B982F5FA108C318838E9D257302651108831AA680CA16E9B8F3DF8C15B6EBF2569E9D47CEDF9E79FADA5D9FBDEF73E5179F5F5E7C6E3011208B3491255B0D6767777767B9736D72E1F3970DBB9F37F008808A402151AEEE2A5E7E6669713EB820F98E0D6D695D9B9B9F178AB91CD947ECC2208B0B57B7E7B70493828F073DFF9E2F2C2FC6EF79A085B6BC9E0EBE75F3A75CB4B470E9C5CB9F8AD405DE6B0B272E1965B8E8284EDEDF3002A9A8678AF3599A1CAC1A3F7FDAB575EE9B467BFFE8DCF7CE87D3F77F8F01DD684E79EFB9C81429959C278B0F6E4373E7DF0E4433BEBDB6986B7DEFA8EFBEE7EE77FFE9D7F7AE4D0D1471EF9B1C168F0C2B39FEECC2DF7D7CE757B6B536923736EEBDA25EA76072C052097857677CBE120E463CE47613C2EBD679B15B7DD9DDEFF8ECEF221E38CF677CBCB17E28BCFF06BAF0E8645E945FA79F9DAEBEB21709A19A26A7439C4C0CC15B810D19021436A9CDA048D43320464D0215A2112043584C620211F6851461004FA8350ABD759D407F1511535B164401357152A0011AD0524D92834172C034701618D016209B144F12481242A0848008AA43ED738422948A3F0787BE72A4BC9EA1540B5AA9733AA804885521A0D874996C20D7050D0498B59440C195FF023773DFA91F77DA03E07C7CF2C6E7777D2A46EC82ECC2FAD6FEE7EE18B9F3384A3E128710901128041B406FA83F5EECEA5B9CE2103F5AA790C080A9ABAFA70B8B3BE713EB12E94A5A2AA0E9C33972F9F551916BEAF4080A80AEC23AA02E0FACAB9D4C2B5AB2FAA8CADB5080AD2DF5CBFD4EBAEDF71EB07452D5A38FBCA532085F8A1113402A46175E34AEA92D4390E8C8A28D8DDB90452ACAE9E7BF1C53FDEDDBE3A186D1E3A7A97406288848B7CD4CDFBAB975EFAEAEC34ADAD3FF7C75FFBB7CF7CE78B278F9E79F1C52F3FF5ADCFDC79FBA3CB4B77DAB4653A0BE3623CDAD936C059EAACEAF8C4A9B9462319F68ACBAFC3D58BFD7C44A2686C79EC349DB967F6C09186AA948559BB26CF3EBD72E5725E9650863CC6082A1CE5F2A5D5034B8766E7D2DDADBC3FA4C8428848A80840800681081DBAD4D8048D1530602C1081B5642D3923CE60A2DA025EAC594BD01B066BAC31E083FAA000D5AD975A2DCB47ACA2A060082CC130E27A0E9E25B20AA38A72AC60FAA44A2A228C518439A49A6A184719481CA90C7CBE137D1F6A6D104616AD30A615E80D1440CBA24C928410B97A3C006F44C18510D2A471D76DF7FDD00FFE99CE6C76E8C43490BEF4F24B86A05EAF2F2ECDFFC63FFFE783E190838E07834623D33D3854A3D1EC0D762E5C7EEAC4B17BEA6927F7DB003839302AA0E4F9D0391BA205718ABE287A83E1CBA74FDCCE91890CC21E4654091444C7AB6B172AD80C227A2F2E81CB17CF2AF48E1F3D658D0BC10F475B83D17AE907FB65C2417FD725CEBA24449FD80A9C535CBEF2ACAABC7CF6CB8F3DFA23AFBC3A6EB56B9DE6E1E1E8B534CD08A53FD84E7CFEEA2B436393E887CF7EEB0F0E1F38D94A5BCF3FF3BBA3DECEC953F76CADBF9EA5B3312D46832DEB6CBD39631F79F8507B0A9164A6535F5C74C74FE277BED51BE5E19E77CC1D39D1208B654EDD2E5C3C3FBE78BEFFF2CB57D0DA7A7D1EB124526B9D21CBDE376A598C506BD5616B28E201090C00311A242B989049901200EBC149BDEDD20699442D6962202174840669AE16A65B6E6B675C6FD615D147F01163040043261A4B2EC1ED6D50456BD41A360ED77A300CA8AAA2045A7105C439A54C0CA273CA35AEB3EA949A55ECAE8728E3C823D1E1EEEEA55A42C841A150284583AAB2008054FDB8A2CC9B8D9AAA88F260306CB75A80138400287A1F33673EF5891F9F59682C9D6CBA14A3E8F3CF7F87D5CF2ECC9F7DE5C21F7FED6B08E6D8C1D3C57097C338C95AAA088AD6A612F5DAFA0B5B3B973AEDD9626B5B27670404710914B927B148202296A8B7BBA29275B7AF6955659D5CC31EF600CAD5B55745190D826AE49812FA72DD187EF1C56FA896655184667775ED4A8C71024846190CD6B2C4A2B5A1CC1355AC0AED910D42315A7BF985AFBEF3E18F7CEE8BFFC7A92377AFACE5A3D106A59491E96FAFB0CF9BCD59A424C162FDCA8B884824175EFD9A2F761E7CE4C34F7CF53FB6DA73FDB23BEE6F64B5B69D9A1644065034A65E870347D299B9A510A1D92655D3DD76572EFA975EDCDCD91ECDCC4C4F4FCD7487DB210CAC7589ABAB7A4389338D679F3E3F33BB80608DCDB80C51387168C8196BD1101AA134AF77EAAD05D79AC92855B0CA2AD61967AD432152037A74CA116B92A6C6628810A286109951099DA55607B73719C1008A217296C4D27A0948D400482C7BC351C1511AEBA0518C2281331A0124E3E6A5DEA8073948CE71E8CBDD22EFB61BF3225181412B5FC5A02AA0AA22C2CE194064E1F178DC6C369050552B464CE17D92248B0B07A6A71A878ED71BAD24088FC77E6D6D8D8C495CF2852F7CC1079FD9FAC73EF4C932DF797DF5659736B542D7A8BAC4F9307CE195CF9BA49800A7F6595FAA49EAF2BCA08A3D25C22A08F8F2B9AF00F09E31DDF81115E18943473486146259F600C018638D1D33FB30DED87A35C44241110894F271371F13561301E075E2998202AF6C3C37BF7564667AFEECF9AFDC75E6DDAF9F0FE372DB9ADA54737177F35A39DC6D4F1F4AEB6D9958B8E1C857AFBCE45C7DE9F099F56B2FA4E5DCA0B7BABBBB6A0DB282022AAA18438632D70051608D832E9F7D6EF0AD272F15BE30C68586A9D76C7FA8A079A39E2C2C2EF5BADD246938971071E4DDA49E1D38661BE34CD1BAD4B8D452A2268D59C3B4661A9DC5BA6B289B09B29A101342A30A0420325DE3E966A291D3D48A428C2011630404718E6A89018F656002B0049628215819C838A0ABA6AE096E4D91D42804884464108D1A54026FD65677540B9681C27838DA748902284BA150123000ABB2A8A82A20C45885ED10BC4FB3D49099A0C24141D5FB7196D5EEBCFBCCE9BB976BED4C842D426F7B777B6303A216E3726DFD2A287DE4A31FB9E596D38F3DFC91573EFD9C68447080020049522BCAC1B5D5178DAD5A72D7BBBE0A40649CB331728CD15903000A7E73FBCA0DB0E79B36BAC1D8126783F7CE8141A31210D419930F47172F3CE57DBE0723AD20CC4C4844F8860B00406579FEB9CF2E2E1E24F5AFBCFC64676AA62CAD42B459636A6E71B07BADB77DB159CE65CD1948D2A8C11022C0E50B2F4DCDCE66590DA696CA7C9C0F772D1A0565443064AC3521063460018D9A76474FDF9ED69B4B3EA2715A6F629AB63D4F0968B3559B994B47A3A18A1151556544A62470E6B51D04588801A246212132603353533141C156E722024B55E15DADF2896997191D954CC646511660466145842C35866291AB3116548C214B1290AE0D599454250005D420D6472E3DFA52C0A761C41A80D8061FC32EEF6EEE36650832161E14C54E2D4150150E8A11404427A90680AAA8F7A19625314611CDD20410102AC0B8C6188A2274DAB3F73D70DBF47C0311000454B6B7B677767606FDE1B973AF369AD9DCECF2CFFEEC9FDBBDC677DEFEA03088B0215B8D62E25CBF5F3297C6A46F30940AE1EC9C63165F16599A4E10EDAA37409FDF88C59B3C52A0CE25C3E16E2DAB55E906113AE746795E1603D00962AF725315CC070945946EC66001420CC5EAD54BA8C83ADAED16AA82004094D4A6A655BBBB577ABB9B3EE7E6EC9CADA55AB97828773757C10899B4DD9AEFFA8B960855090098E33E7BB6FA86D6EA8143D9E2810C09C81028B3B292B0305282A449D610C518590463843C1801B540A0D1601218852D1A468BE0044DF5BD18D110011A1204452195D98C661B4654A3B0559028C163594400B0D6820A118D43440542225232B439D67E00AF1A14BC6819D97BC9C73AEE9BA24F655FCABE94030EA3321F177150D68A11E03872C1B1886168EB4D9120E04102C30446A5CA80C012455801F23C6F34EB5560032AC264203B7AF8D415FB7ABB5DBFF7BEBB00B90AB990DC6EB7D7EB0D7C0CF516D51AD9AFFDDAFFDCE934C2C8B79BCD43F3C707E54A92D685180188C81937187667A61726D3D175C39ADC7C672DB330B32583408A37013CDF9A2B0100AAD65A1501AC10C19824C9CEF66668D6AD739575EEF37A549510455945916E2658A8CA1E3B4399F7AF4C094DBDD5D0C5DED66651ECCAB66F4CCFBBAC0E84A841142AD68FCB1A59D6B40015A10C90F6B21E9C50E4884841115545155444CA32E425F57609C000992838CCF3B28CC61AEF6138A6326AD6E699E5745C4AB73F3429D6DAA6D64830314A0008A48A86144154440151538C071A94198802A20408CCE223065640B416AC6111F281149488C8A8585CE9F92EA3171500468C023EE838977C287EA0798FC308E318A4440A06824F6D0971249097BE275AB24C210580081045454554A582A977078346BDE67D59ABD51000941500053126278FDF75CBED775F5E7DFDE8B1C3070ECEEF658A8608AE5CBB9A7BDF9A6A25B5E467FEE24F9D38B18C2859D33A67DEF98E0FFE87DFFD07D9629B34515002AAD79B5BBBAB9DD60CD904F69836371A89B5160A3FCEF3966902BD85A37ABBCD182322C618D8ABBCA589E5505AEB00545415AF03A91141458C21DD9F10F750F758F577F7AA7795471400353669CD35A3F476568B62AB5C1F668D99667B9AB2DAF5775A5B6F2FD8373E2F373C15155D9A08592B38A018E7869BE5B997779F7BF67C5E8452B53F1E8D8B317371EB6DC78F1CB9F7D967D70E9F9A5F1AB940FDCE4C636E6126698092464485CAA450D1B0689418550860268D073A191AF085F8C02E49A2900FAC00C60019A935DD60A84A8CAA48E02CE5A41B39E742A0280A5AC91610728CD14BF01A0370448E2A515514E280A2D7506A1C8FC79BC6545370A802766591090454458463641163AC3104A0A0065425BA56B6F4E33FFED35F7EE2F365E83FF2E8A348A455B5144594BEFE8DAFB3B2B3D93DF7DEF3F887DEA3280050AF5B97D19123B7189B0EF3ED6663118110304BEB06DD68BCDB6ACD01ED0F01EEDD7501D4244DFABD3EB65A2A0AE67BB42B70D61645D16834F6D95AC6B810CA5ABDF96616F48DA8DD9BECFA7A3671D3EB155510D0D6A7E6BD1F95C34D9051DE57F165677EDE2659040434028859C7DE74C4FD43ED4DED0649019448550D1964593CD868B69B53F3D9D34FBEFADA95F59261F1E0A10FFFC089234717B7D6937317B722F8E9E5AC333F9364D61856240624500610A120E2C5336805BA3620879B584F4914C705A6F52C2AE42544460535065D021C6130F6840484C68A1A73A52B4321515521511550515121024240ADF8EA5195515551917868B9D418258CFBFDCD562B250A2A0154F43AF70340613CCE9BCD260B274932094A9454A15D9FFFF37FF6E7DA53B551BE830A1FFCD007144154011551C7637FE9CA1597B84EA7FD0BBFF0B3F566A62AA8C65968CF344E1EBF75BA7372A3F76AA33147880488649BB5E9D168B55EEF1834134A20104C2239CE8B6196B4922429CBD22509014A054BFDAE9C5655452255952A054554D5AC56EF0FB799E34D720AFBEF9F107CF0C6207EFFF51BDF09D7F9928A685BD34B2221E63DC0D297B8B55A36DAF5B43D43A65949705898302581088C313146C0EB4A25AA504DC088A0AA68D050AC35F1B63B5AB373F71EBBD47DE5D5216A9364E1C5E7FA81CDA38FCF7616ECDC72DDB328202055CC13068AA279A965084A6A9C314896A8C9F9F1F91600F57A3919670C1625F820A28820D6629240BFCF040E012CA925F008177B21283100EB841ECE0143C1C0404AA840AC1A2B4D0445290D8C054B85C2FB2E736E4C03114545446052149D8414C21C541AF57402C357454182EC831FFCD8D1930B878ED783F8D3B7DC3635D5506500502011F897FFEADFE4E3BC9626FFAFFFF6AF9E387E149501184080B43D93B5DAEDDB4EBE63F51B6763F049622BAF546F7486F96651E48D6643B54A6A270F35910115E6A256ABF9E0134CAA5CF54F664A4FA44488850D99EA05631DC7001A0112801B62F79BCDABF2FB37B8B2B7968198FC40209735A6167B5C6A2C48BC4618F5479EA1DD71683345225052B11C2700655500A50AE952A1A4B022AA4D84722A8ABEA6963A73C95DF7CD7EE4E3C74FDD5EBB70616BF160F3E1F774EEBE6F7EE960130D10222056B8F388940BEE0C8BAD6151A2AA21636D624C0A7A6A3E6BD76198472293654E056209AA88C469CD18870AC6072425144A08124357FA3252A30AC4A08A2AA89162495220052051A3621488155515448B7E1287814B963018AC5B8A8ECC5E8786615F88432B8C20D46A099100460555C550F00F7CF853EF79DFFBCFDC7FD034E0D2DAE58F7FE2FB1482000BA292F9A32F7EF9373FF39F63E09FFEF33FF99E773F6420922281014421AE4F894DE4073EFA49F0528CFBAAA2480AC6DA3449EBA3710FAFF317144109AB2B9350F48CA5A80AF4C6617E0341FE46A6BCE284C8048440137E8E4A5429DFA0BB70BD4B85B8376FAADEF097376C52319B11B42AFF9371B5D6D4C27130750021F0108BB2DFDB59BBC4C5903152140D31FAC045E9CB32943E561A203251A341D93BB0882028025A43D6DA2C4D12671A4D3E798BBBF7814EA309A58FC2AA4A1C55AAA75D311FE3E6BA6EACF9F1089304B31A26A91A1B91A489F1C8B4E580CCD2A82708EA83FA20224A8889B3CE6851780404502220836381ABC3C8C2AA20A2A0CA2C6519CAB1F7059639957994A895340FA8820A738E3A6219F8D81D171B484C0659E27E57194000A4122971CE584393DC5CD551F6A10F7CF27DEF7FEFE163ADB46E46A3B0B9B97DE2F80950044100BC74F1DAA7FFFD7F8A211E3E74E8DDEF7AD7646C74AFCA0D601C35DBE9E2FCB12387EECAFD769CB03D1929D6B24EE987855F9F083F20EE53D2016034EA9341E7EC7791FA78BBF068FF237B1C7C2A8AF19E60CCC47ADE30CDBDC92FFD099BAA2292738DE9E943649A02523149A3CF7BDB9762779B7C80328A926134DB5D198E6DE1A10852440991A308004C2A8732099438445571C42951E6924696D633E4E0BBDBE3EDAD713E148D4E212983DB58C32B97C2D696F7CC268534B506AD41038AC0BCD8B49DC4840836310818A3968183288049AC418E06C87BAC723763152C6D87388CACFB4D10D510D897EA4BF085E4E3104A8D5199D51822220146EE939446822FFBAC2300510DAAA542D0CA9E94551940420C49620110C0809206BCFDE8DD1FFEF0E3474E759A33565186C351BBD59C996E55B1028AF94FFFE1B7CFBF766534281F78F0FE83070FC13E11B492091024A4C61439878FBEE3C3652179399C547351D3342572BDFEBA4809AA30796E15150930FA3CFA31A14E127E7D9305BCBD6DEDDB50F58AB5C960D855101554F85E8FF39653E10D2E0C5449D1D85A2B9B9A6504D008189042F4C570778DBABBBABB8D5943C9F1950BFCC233B0B1EA06435314D6072D7D082156E26CD5D390A549C5A395180C496221CBA856C346DD65693D78EEF786A3513EEC87575F1EBDF06CBEB986DE83B126CDDC9EA209A2428270A04375823CE7C45911609610994509314D48459839464550223196916065888580D9D3A810914A962894EC7D64CFECC91754E612230320282B97168040431C041FB2B405A0555573EF5E49E5FF7D991B4380804012DCC2D4C99FFAC93F77FACCFCDC628AC8A27CF1E2855B6E3DD9E9341544159EFCE6B3FFE5777FABDFEF01D08FFEE8A7AC3537C8F5554E8144A4DE742E85871E789F359DC1B05B45AB0A60ADABA5ED3C1F1445FFCD418D2A8FC7830A7364ADDDF713DFCD2CB032233B99B800008088AC713194C2373585FEAB37AC260D45536BCE369B0701A8A2EC02AAB2A7F515585BF18096C8EEEE8EFFE0B34FFDC1E79E7BFEF9ED95B5D01B9B71B0395310A7E0AA8244085C054F8ACA5A5581808C71A94B52CAEA2ECD1266F1915DC6AD9950EB8C9A33526B51C526ACD2B41AE88229161B060C000440608118082291AAB5221A5A9D6454006825230329C2A884ED718CA20181415514824A891050839112AC661A317A147665AEBE8C5A0C31F410026850298D516769AF0C3DF9A7425CE5BE1480C20701895196DA477FE92FFED2C113339D995A60010200FB9DEFBC74F0D081A49629B8F5F5EEAFFFE37F9AA4CDF985C53BEE3A7DE8F0FCBE2BDA4FE4490115D2D49914E766E66E3F75670883B2E86325CA8150AB35144C3EDE61F1BA07FCAA223F451D0D77404458620893785AAF5FFBBEFD5EDFF7AC2E46862A140305C4AAA221217F4371615FB7E8465CD09F56800900004D363D679B5300A60AC300855E7D65BCB6E6F3D22310198A5A9CBE63E62B4F7CF5F39F7FF6851776B776ED70447919CBC015D3C647AEFA6A8C18557D943272101104B4E8B224CD3297A449E6960ED64FDCD63876BA313D67D04451AECAC186C8291F9FAFB7336006245185C81A03282B825698D2285006AEF2706308C1BCBECD0325058C00021855544098341A8DC8A5923A61F49EC7E3321F97795E846214CA5EA5DCE0FD58C4A789158E7BF7723F16813C2F5AADF638CF45B1599FFDE4277EF4B67B4ECC1C99428B95E40233BE72F6DCCCF4ACB52E2FE2BFFD3F3FBDB5D5FDC93FFB33F57AF3177FE9E745AA584DF7058DF65A306AADCCCED78DB5676E7D001106A30DD1509D3749EA96B2A21CF83898E4B8A0A202848A12622EC24551544A16D787FF66B7A337EC55CE1663D80BB74141891C2894F968DFABED5BD675F394CA70F57B2DC5C2E4999C602E9C6B74668D4D5454951184D67762E049D1DD1853ABD78E9D5C3E7CACF58D27FFE8F77EFFF7BFF8872F6CAC43B70FE3B2CC43F40C5134B244C5C8C43C7952447522F609020436B5C6B2B1214D639286348935AB350789D5D482219DCEF4E85252E131EB598D597D501F250A188B6420CD707B6B5885B486D45AEA7BBCE6630062302CC8AC2120337250618A25B0C7DDCDFEA85BFA71D0C8AC2CCAA4D1C43CC411505EFA010021D91BEF6C75FDDEFB56B3692C598B1BAB5B676EBFE7FE47EF5C3C5E43DABBF98A96607B7B6769715122FEF667FECB97BEF4C5FFEE577EB956AB359A8DBBEEBC03E9469FF1C6C2626BC6D6DBF6B6530FCF348F14C520849102AB8231AED99C6785D17847D5EFF789012AE83595658995D0D79F62B027DF6C22590952AB65865C882580A00AAAECF7A3F7E4B5FE6B2748547469ABD959AC8AFE004041547062A9D652B7B7BEB676E1C107EF4C93E6E6D6EA33CF3CF33BBFF5C7DFF8DAB54B17783C4ECB003E6011C047888A52258E640188555834AA44E1286C080D8245B2681D99CC51E6303190184D918FCF654D821025B01091B086C091010093C4182BCC58095A1002221847577D18AB51261112A110350A145E838FA1E0505491968A070356418D31C6A0CA383123D5BC083B0C459666A0B89FE6568A732A2AAAC659554993C6F1A3B7E5F9B8B3602BB8606555A0C01106FDC1F2F2C1CF7DF6CBFFF7FFF5E9FFE6AFFED2230F3FF09FFEE37FFCC0FBDFEBDC8DA5F1374441A842698AB38B8DE3476F3F30778788E4450F91005591B35A5321198F874531D82B571180565272004A86FEB4E176A5755B95122A351B448A1C4458AB30E866AFF35F6B550008C8E85C6BA6DE5950B0A0480AA8321130AADADD2BAB5B878F1CB8E5965B1029C4D1E52BE7BFFEC453BFFD996F7EFBE96BB99722E028D7D148F35C8A127C34AC4690148C925130AA2402A2886490C89249ADC92CD5ACA95BCA08665339384DCAC0ACCE215498BE000A6A2D1A0BC65091B3214748889A3A1A0658194556450510A930F51C457C8C21C450087B658F100CB1CA38759A3A4C1D44BFA350AA86221FA8044BC92421DF2BCB415504AE0A756CDAB5A5FFF17FF8BB499DFEF08FBE243AA9DF89AA021585C4109FF9F6F3FFE4D7FFC99FFD891F7FFCFDEFF9F653CFC750BEF3910708F7C31F80B7984C5401A6669246DDBDF79DDF475C1F8F763996541585000833551D0E3695CB49BC8408931670742E0921BEDD8856C77F8312917389F7254E6ADB4064448DB0E758E27E18A88A523DA68000FFFFB02E1032B5CE81A43EA50A3606F1015922A031865237F5D9DF7DFAD96F5DE876070446950DD9E9F6E2F163B7369A0B1B1B948F43594AB399B9CCA3434A941254522188800CCA80B18A01010C211934861004511122A02C364D23412FEA595383C2E2A3460100750E39E68D466D384405832086D412753D0F22824622340C5105110D021242625C031C608A2618E0A08459C8993D18359757FAAA5E391F0DB65143E25AFBE836444504908A3C53DDEFE4933FFCC3F7BDE384A61FFF7B7FF7EF3FFCAE470E1D9E930AED05B8DBED6E6DF73EF399DFFAE4273FF1233FF2C3CCE15FFE1FFFE6F6DB4F1C3F7910400888E0ADB4B2B09A70C566D8EAD8773EF4BEDFFBFC3D17D79E1AF6B7A6A70F56217EBD39351A0CCBB29F8FB79AADE54A8387B0925463422A7CE91277B3A9AAAA5A63F672DB9B06D85A5B147985E8A98032646B31F46318DA2413ACFCABE6A3BE2569B617C95430D6EBC8D43FF53609CE5089EACDA94131B030119237A01518C872C44B97AE111A6B9D2AAAC6DDDE7A7E96CF5F5C6F346640AC75767109E6971AAD1931F5C265061325876C8141A5EA9F29185331570100AC210555A404F8D074E24072A58A57E3838620AA6A0C228231E82BFD1F0522B00699F0CA8018AC21880A0068202105AB142B2E902A3102AB460D63198D7289B9C61C2567BF61A8F4C5B82CC730511FA99ABDD76B9191A3B31614EEBCF3CCC77FF09D68CABBEE3AF3FD1FFDFE5FFF7FFFFADFFFB55FAD980E0AF8EAABAFA499FD899FF8918F7DDFE364E0CB5FFEFAEACACAAFFCEDBF46B807727AEB51D96FC0CAF48219F6931FF8BE9FFD8D7F7B3ECF77EACD96754D424390186A708CC3F16E5A6B19D79894E950AAF65F95E5ED83F2AAC3C518DF20D2B37F01C690AFA46F71A2B89C65B5BE578EB172ADD5C7422C86C55A94BCD959363665BDE192DFCA76FE44E3AA727E576F27AD796B262AD016405DA240D1506A522722C6A0A18CA86E5DDBBA29B4CD615E96BE1742B8B621D357A60E1E9D9E3FD8989A496D26260DE218AD515341656182E94115902A4E4432F358CC354801344264300E7D400D84C23651323A3D5D5B5BF52286402D8233B856E876092C1445A3B2F75A8E61D08BE510CA1E8D7A6539E2714FE208B9F0E263E451596E44DEC062A35DEEA08D4531622E096315F945D8EB50294456918864BBBDEECFFDC24FCDCE4E23442EF4D13B1FFFDC6F7D757DAD3BBF340D409BEBBD7FF24FFFC55DF79CF9811FFA8821F03E7CEBA9A7DFFDEE874E9E3824A8A0A4932F0D6FF61F95D322D45627A9B7E4F6D3F79D3E76CFF3AF7E76D0DB684F398024B1A966AD6E7FC0BE1C8C76A7A66A048A68004A6651152262666327C597EAD02184344D59E39B87BF12EFDEC7E3A86A9AA4AA187D8E2A54B17D268D6D1D8FB6822F3A53074CDA5145A0B7379CB7CF2126FC389CA8E0D5DAB3241C7D59A0A0B5367194389B24997399B32961DDD9A966E3F0FCCCEDEDE6410457963E041F3986A89B9BDD575EDC3DFB5CB87241BBDB381ADA22A7A2C0C82080025AA92757CD5D16318029EBC903B5D49008160524491A23C45869F4A17326CD4CE99599A0E24B1132D1C56E28A2C6A831B02F753CD6D188CB118F07613C88E518467D2987508E7C391E1745372FB64ABF391CAF0C7A2BA80CAA2C8185AB262854E05C040551D018A3B5B62CF37EBF7BE2C4F1BD8515B091B67FFA27FEF20BCF9D439410E4D3FFFEF713DB79FFFB3E5CCDEC6B6B6BDF79FEF94FFEF00F0156CAE85485626FDC65B257799E4D6476D14C4DB7DE71FF072D4D0FF36E5E0C4011409D4BAAAA7D3E1EC658EE3784550401AC356FAE8C62D5BA791B3FE29CBDAE11A99AA4358224C4B1560A7B15BEAE2A9982F8D0DDD9BD54F84DC0F8276BF1BE9DBBDA8B4701808C25EEEF90F7848ACC8E2821E33433D022EAB41A27E6676F999F3DA26ACA72E4F3DDE887CC05543C3FD30472836179EDEAE8E2EBA3CD75ED0FECD86BC1E08178AFB60D0095E23B8A2EA4B0309DB142B7EF8D15B2E0838408809A24640DA0EAD64EA9840A428489D17E9075AF2CC00A512132C660B804F12A054889180C4690A83184C2F78A72C7173B3EEC846253CA9DC478052664020FAA4446642F190460E1C2E740D2CF570507652C155941C944907870FE50DE8FF998FFCDBFFEF4ADB71FBEF5B663F7DE7B6765785FFDE36F1E3F71FCF0B1E5FD099580A882E38325301305F4BDC04544055410DAD3AE33ADF7DDFD9EE5D93B50FC68B82E712C1A8D4D081354542E07DD0D944055C74A23A8268E98F90DFEC2581B6304C0B75C9DC75AC71C27555210240263596288E3AA715431DEB072344AB11CF7B7AE8EBB2B1A473A5996E0A60D2610A1EBB01755DCDF6FC0D44CD20F9AEE3466A73B065585F7EA1AAE961C3ABCF8CE85B9E3896B9665C1322ACB9E7049A884D6D966ADD66EB5A66AB5BA7184988E46766DD5EF6CCB6884DE5B1662C02AAA94EB74A5B8BC6008D47BB689B5890D118207510484342191084A8A565181D05A54A4AB7D290458256A646566E64AC2AB54F62CEC39786BB5DE30B5BA69341BB556A7D6596AB4CF2C2D3D5EAB9D20650089B18CEC5518894464AF2008811909422C4B3FF43C2ECBBCAA3A5B4BCE194B1624FB67FFEBBF3D7EE2D0FB3EF0CE8B975E5F589CAB8A3EBFF5DBBFFDC8A38FA435CBB0AFD98F6FB3DFF850135A995F4C6767A63FFAA19FB0D00CA1BFDBBD1642A158551940D4E7F94E51F4A1A2108A00A82164DEEBBBEF1B96315559FACDF2CCAAEA5C6576B00F6130C62828F3248095188579C2D51144008DE578B03DDC59053F068DFB05F91B7CE49B8598AFEBDFDEF03202903D7870BED546A48AB58C150DD8994830F2B927322CD17329A2223675692DCD9C6B184A55911162E07E7F94D60D26D4EB054E501C34539BD9C93A1DA0220011702AA599A651D010D9A05186586A0800A06844019DA532B004250463902C0E826E8C591554509155ABF588C818485384BAB50A0E300695888D2CE1D8045695A0541A319776CE02337319B9048D480E4415F778A9158E9D6CB7B7C2ECD3A45EAF6755B00C88548B11CA67BEF5CDDB1E38F981C7DFC51C994B6B0D81F9F5FFEF6F5CB9B4F6F4D32F6E6DED2E2D2E2E2DCD2F2DCD4F773A696A11F40DF8F4376DD29C728D5678F4A18F3EF1E4679E3BF77B0CE34A184C1414885045E370DC05119820A3AA0CBB5A6740F6217984987B9F24C95B453C4A44217A998875A382385B2BF25EF485CB18D5B004D1400000062054D19868188D7683F8FAD4A24DDB48B62AFBE27568CD8DCDB0EBE743BA816B54ADEF96E705D900D82043D65A63C85A2B5C8E47DB69528B217A1635CE59D76A36AC4BD41A008A1163E0A85A91FEC8622552CC0CF91831159740A53A6E1018C4801C6862D356BC4A264540F25E440150AD4305CE6AA6BF115111110C211AD81CF2880D211010B00176E538E4C310465AF463DED730C258600C9E9935A2B240105F6C8FF2AB2912842D3055ABAD5494FD4876FF1E314B5EF40BBF8D042A93C500AAE63124FCC7DFF87C28C2DD779F01D4104B632149D2ADADC197BEF8959FFE993F7BE4C891E79F7FF1B77EEBB78B7C383B3373EAE4E907EEBFFF91871F9A9A9E325691DEBAF20460AD310BCBB55E77F4D1C7FFFCAB979E1D96ABC20A882C05A1805A000EC1E3C47E440108B0E2C24C0678AFE854F9A4B78D7A4475AFDC8108CED58A31FAB2AC11A0A20823EA2443C4EBA92B12F8A21FB643B3399F3567C13898D47CF7096893CCFA7A12490A1000002BE0AA2A82DA417F0CC4CE4E11AAB590B924B3F5C435D2B496A60D000A2C64D37ABD4ED6963114414A2F214611004232D66516DDA44A6A8CD54AB7080CAB9020912180860907A66AA82A808824402C102203A0254A0C26298E4B6526A8F028A444B0960B03921A834082B188318F21579FAB2F41999405442C19128A02BECC351665312A87439B22F110A8E2A37A4313CEC81E891E5899398EF21DB48C5A8B6A046D5414D14BAF5FF9D2679FF4857CF4839F68353AA811180DB92C715FFAA32FFBA2F8F37FEEC7D2C47EEC83EF1E0D7EF6A5E7AFFEAFFFF87FFFC3DFFDF21F7DEE73699ABCF3DDEFF9A93FF793276F3902102605F4FD364DF593707A2EEDCC0E4F1FBBF3CCA9479F3EFBDB3C01FE0A01935AC5FD5966DF43DCB8D0CE9ECFDA5B66EC0DA5F31B63FC1B272FEB1C02B12F491408842322809002234DEA50D74966D1F7765623C7467BC6D84C8414B4825AEC45590CC00882C21C43598C630CA28C7B93AC2D8A588FA6187BDB74084C601A59BBD1986B36A7443144490110314BB351918FF33C0F527A5B29693BB2C6597440A99A0CD3BA234BC681AB39458820060DA3B1C007A7A4DD0456D0087921698DCA5263F5245924902C35AB5B2C93445013A39B390C4A45500243208E34355422000710324802680901BD304910F6C02102971634B369087D8843C142B8E4980308E23E561315D8073F1875A37880A642A2E87EF7F7BEF4A10FBFBB5EAB3FF9F4D94B5776DEF3C007BABD10BD3790AAD81034F8FCAB5FFACA2FFCDC5F6CD4528D5C7665FB8AD465E1AFFDECDFDEDADD59D9B874EEE2D3FD6EEF1FFDA35FCF1ACD3377DC7AEBADB71E3A74606E76AA56A7091E075581D5EAC2E12CDF86F73FFAA3672FBDA01645A22132D5F4A70E30ECD163F7592DC2CCD6DA89E5E864F52511A9208DBAB7940E004E38DB4837843E134945E0C8818DA3B21C29080202F0F5596E02D2465531A4E3C17A59F41A8D39E732960058B2448D3186A018997D8565BB61F2AF40D480A03646AF90A9102801C63475ED5623C9EADE0740636882E5E8F67786E362EC43540768C81119B4969C23EBD02626AD615AB736D3A44E494664840801221038CD4FCCD5093544ECEE94D65A66F481AB40C15A74091585C6A008808A092100BDDE8D00641454D5203A633023D08463E8163E8FC4C1090B024980509445E185C71206A8B9A2470D961840630C917D45E7D9CBE1941906FD21F390C00237045101FFD13FFC874F7EE31BA76FB98D28FBC5BFF6139B2BDDD7CE5D66CD103AC2ACAC2B2B9B1B5B9BF73F780F44D8B81A362F87721400148166A76666179A8F7FECFED9A57ABFDFBDBC7A75637D77756DF5DC2BE7D86753538DFB1F3C73F8E872E2105100A4DDA1E5238DDBC70F7CE83D3FFDB9AFFE3B61D9EF074F78F7D7E31900A89686DCEB1C579396AAB5766258FBEEAA0A72084190E8A6521602019002C75092B531789AA067DF629BB82E8D1CC7E3C13A828A70054ADB57DDC1497B656FE98A3DF6EC44C2134010A0CA0FDAEDACD5AE13365AEDD66814443872F065312CF2413E8A40084DB089711609C8001A452B680C19B5292619260D6B6BAA4690C4205A544B726CCA7432AB0ABD9EB7494A16060554827D64262A2BBBBB81D8552B1E3963363C6EE7AC48224A02004A2A8492389899A93532B385B295330B1623F5790C3E8FBE501DB31F21E5982A046FA904E1183D43A1229503982C3909E28B21C2C860643B02CD50DAC35EF89DDFFE43D5CFB7A6669EFAE6B3BFF237FFC663EFBD776A0655D1178545FB8FFEE13F7BFF071F3FB07C60EDE2E8EAEB036442B450E19455E7166B474E74547DBD31B374705601ABD2862FD497F1E2A5D57FF77F7F766E76F99E7BEF9D9BB7165C7DBE686EC0F77DE013DF78EAF3396F50559A445634A046F7009B55B044C6EC05D1D7ED8E8884052A6EE8846AA4557435313E61225315EF8C71C638892172E1A0AE315805067863AA77C34655A2CAE5A42F853811B79E14162AACEDF507609FAC8D00D687D27BC71100C85870CE35EA0DEFBD88E4793E1A0FC6F938880818E31A880D3044C65847C652055DB009DAC49255A64816C8211941523408646AA847A71DA2F6FB4101AC83102078E1C8D660965915CFD14974A80641130B8A66B51789C847D947688B40651C08524BECF2B24E35F4DA6BE3E14EE1738C1C54F310BB08056A011242B963CAB1380EA194BD36BB022808A0F6FA5DC11EA957AD681F9A64EEEFFDDDBF03C0B7DD7E7A6D73636B63F3CAA56B8D466D71F9B0AA96A5BF7AE59AA2FECDBFF5D78BB15EBD38D048048663A8D642AEB7617EB9CEEA2B5A40352321828A661966357777EBD0BD678E0AD0C595ED57CE3212220697658A1E119859A40A30AB783C99F07CAA895B94887C05F7AB22EDBDA9506F88C6DE865A2393563711915584107C12BC4A548D806FA8145434D6FD000DF7ED65C238A9E8F6379B92EE371DF6E8610A607D59E4B9134600F15E3A9DF6DA30E4BE180E4783D13870144024E74C4DA92650ADCD573192C96586524527C6213A54038CD19251455542B0003AED64BA0E08E045D192A0FA801A85948C41C09864E4734540240552B2D40BBC5B4A018480ACA2556A2413EE0F810044EB349BC2C69D8D8565B372DE5F7A4D87A34108039231D2582448DE05291998A5AC18130A28CA002012F2BC07E01509AA9854D5224E4FA50F3D726F564F4EDDBA64D07DE7A9D76766DB939C274A90F0A94FFDD081E5E93D80A703C1DDEE7AB7373E71FAE8E2C966D232AA8C133D0A99804827038280468D20C8B1236D390445117ADD515968B9BAD91F6FB3088055B08A0C4A00026A0079F2D9FDE07D2FBCAAC00F441839F29BA7B36A0519AA86B8F221AAA0425609D5975C8C49A2A2EE758A6F6813EE5537DEA66632A9C72A4C5C245641E0641A34937303D87AA39326C93E7230C4381C0D87E37151143E325A6BD1AA1841AB6811AB65A05549C0103AB019DA144D665D462611B28C0408484A2290899C98A65AE2426491AA65AFDE03B302824BD08761B3D1E9EF5481821291B5B8DAE321440EA66ABBB00A070145023288C65A44521215754EDAADECC8A1E4C4F1C68BDFF1AFBC7AADC87B4825A8602855A2AA46F6225CADEF2ECAA8CE874264BC77EBAAE419A6A7A7DEF9D8A3D632A81A32E5585F7DF5E20FDF7B4A5540686565EDE8D1C33FFD177E92281A1317966A9B1795458B62BCD3DBBCA37D626A3E1594897688DC342C6FACFBA812429AD0C242130C4ECDDDE112E3A07D74F99E97CEFD0140B8AEF18613BD3FC44A5BCBEE1FB1029A1219F625BC8D01186B00A112609A6083C800288172F00893F9726F7AD59BFFFF362DC34A4D6F82BDC17DBB05A8348BC21E4152EDE2FC7C7BCA5987AA1A03AFAD6EAC6E5E28B8249C524C0D2A92554891522242474A0AA468008C920530AC5692CC901334602C11804142441299B2A385E94E853C5016329017E0D90890351509BD36187288A4C0CE4266A9645C1BF8204945A4E2C9B2DA58C9982A57CE5013474E159481050D1C3DE116174F1E3F5E7BF93BAFAEACAD14F9008D90AA08300750A8A8C095604CE9878A019554CD648D15A256BBE39C51650412A6D7CE5D78EC3DF75A8BA2240C4F7CEDA9471F7EA7B38440003C359F6D5F2DB776763776B6F2D0DFDED9F6610AD3804258DDF5EFCA58AEF0D90080E0C848526BCED4977EE967FECE3FFAC71BE7579F408830E9B12221E1A488C5DE7B67ED9B8EF5B6C55843466052FDAA5C9D21644585A85A02CA1EBDF926739CF4E150DEDA654DF0F04A7A3DD8DA0BABF630AB0800C6767BBB366D0124AAC02CFDFE60A77B65E07BD6CEA5E982B37369625C628D4DD41AE3080CA005E3900CA21193A24D29A95B70D126C65A21AA741AD06179CBC17AA3862250E40684496D51020B00914B89285AEB76B64A408B6A8C0567F1D2407BC13142057516D16A555B1410AD02796065564D1053675D46A031145C7338F5C0A1DB6E595E59E93EF7CC8BE79EBC840C0824CA95DBAEB227855896239158DD1F50A93A60CB4B8B95C60AA8E9EDE60878F0C042B528DAD5AB5B572FAFDEF7030F82C62A7C6AB4CCCC32BB5AFD96BB1FA6B4585DDFFEFDDFFBE6A3EFB9676ED681548B207F773071055C4155DDEDF5A28453278E769AF6131FFBB97FF99BABBBBD572A111B8049F3A202B9720C6FE598DED68475CF09EDFF4E955679F4CC5191F13AE5FD461EE2776F42DF18A0E3CD7F205053F16B01C5EEEEEEBA04429802308AD538A2C19AE7CD7CB49DBAA534CCD7E160DDD5ADB1D69171802EA60D0BA4B646AE06AE06C6A93AB1CE20110110AA059EC9E0E05C4AA0314AB73B9C9D698FC72A9151C11A74168DE1F11054085189C41828D4BCBE3D0E90810857BA0C222288153275027805056415261451675C66154D9448CCBE332BF33353B79FFCC07FEC9D5D79E18242540D1577D7900535AA1CE258810132A44A1A4455214D1B55D9C89159B9BAD568D6159810C739FF83FFE5FFF3233FFA8369D24070001E14C9E9E1D3ADBC10D6A8E8DA4BEDD30A4F3FF56ABBD93879FA50A361138780B277EBE92D53AF4ACC65B7B7CBAAC74F1EB8F5CEC5C2DFFFF0BD1FFDFD2F5E022C2B1A04A8D993400821E400AD1B005E55C2C8AA7C8373B9A1B5B2FF6F954222566BAF55FA97FBCB70DEBCCEEFDB5895E21B0E3E592FEFBA9D99BD6F0A8011906DA7D32ECB901781D12AA2171F2590C19A5D109520BE08BBBECF65D0B436536FD5EA3675D6D804D051D67298C6240574911C588B8480A0449A811CEDB87A02CCDAEF153333EDC8504650152449538720D6D8EE4E819881AA31622CAD8EA417883588223388820A82208842B590AD542E98804010234B9997C642D3914D4D648210836892413D0514558C2A61EFF9224453E46396428109A715BB00011414A856AB8B2892EEEE74AF5EBBFC81C71FA9EED8D79F78AA28CA071EBCF78B9F7F0A269A8C0A806ACCF9CB2BCF3EFFFC1F7EE18F8C33BFF8F33FF3D87BEFD8DDDDBD78E562E69A06B133DD989E693AC76FF7EC0B80A2BC7EE97541AD776AD3F36EE960FDA38FFFF86B17CEBE7AF18B4A0114B06A36918246512F2A843754ADF6B9EF6FF4286FF45DD59F1069CF9E782F0FF81E4032D7C10B78C32B7BD5E6BDA00AA09A4027D3A8BDF58E859595F5EAA5AA1B1A82445004AF40C63612D7B1668AC806EF874312C03A10387004AA36713649D01A44C35491E14100B1E9F4F094410511547280E0230466004003691DC7C31C2003C8149408AC0101B3D28F7910560C0C2A13A5171245C0EA029595552B3D6F055250CF021148B5EE4C621363AD132E4A04E0BDCEE9A404A3AAA071B7BB251A1993F6D4C9F1E039916AC9569A9A6A89308AF957FFFAFFF9F33FFDA38923041E8EC3EFFCCEEFFE777FEBAF349A26CF73D00A272600A44A2EA99D7BF5F5AF3DF1F508F1FC6BAFFDC2CFFDEC0FFEE047A767DA31FA62E4A337D7AE6E1F3A3A6DCCDB7902559057CFBF82089D4E9B252E1E703B3BD33FFEC9BFFEBFFDAB2B9BDD738A818CD9F32B522DAE07D797F17EEB63BEAD79BC39A2BAF153AA58B1FCF7739A496CAF305920F3E6ADB2A109A0732FF6D2EB464FA76E6B3DF0D0A1A9695729525B93196ABB64A1D5B8BB5EBF537126448CB1048CC65A838935CEB9A42882F7D17BEFFD44E88190AAEE23013881B9543A7554066608400CEA83B08892BA844A2F8D4656E4CA088A4A161307432F1BA3A840AC14154BAF4521E361180F7D398E3E97506228814BE280CCC051941104952144093E441F15D858A8D55D88858230AB2AAB72B502A38F798C39228099C5C66C14AF520D194CCF4C13DA975EB8F2673EF9C9CE54479541F4A96F7DFBC4A9C3C74F2EA9329109414149D5A8E2A03F4A32FD914FFDF0FB1F7F3F225CBA7CF16FFFF7BFF2891FFEB1DFFCCDCF5DBCB81358D306CC2EB67C80B284D2638814D944B62C96857822A40BDDDE6EBD5E6BB73B00D86AD5970FB8834B277FF8E37FB5962D2A6A15638156F491B847DAB819CDF2066CCE9BF7EA6395FAC95BA415AC108132932CD41A871A8D05437550AB955A4955FBC0081801C30DBB07F480F126862BCA7ED46FBFF6471BEDA96C6EA9DE680200595337A61160BB882BADC6EDEDF641F6D19745F031B24F289DD4F31509495418268D6FA20975D120B6251C5FAC1BA72AE04B56D6182946010022708E420849230BCCD5B4620D82735776388F0082CCAA020814828C47CCB9824882C611582447E012ADD5500D4683C65444766150218A51D0101216794948007C3D2045C88B2191466934A64E8A32405945C880D46A4C6DACEF6E6CACDD7DDF43AA0A6AC763FFEDA75FF8D8C73E4C645461F9C0F268E83BD3B66234B53AB697CBC5D7AF366BCDC71E7DA4B7D37FEDB5B3E7CF9FFFD55FFD9534CD16170E2C2D2D2F2CCCCFCCCEE47969C8341A8DAC563344D618049C9B5B3C7870F9C8E1E5CBAF5F99999E3EB0BC08CA0878E8C86CAFBF7EC63FF2FE47FFECEF7FF15F00D86AD04AEF23570B67A8A8EC85E4FA5D82F73778B149516D8240A4BD9E23A126B79DBAF7DDEFFAFE63C78E2F1F588E9CBFFCF20B9FF9EDFFE7E2C573AA013102E89E7FBA312331DFED6400767DBD17BC0E7B667A1A01040C0729155CD0D1AEBC9225CB3353479BEDF971510CF3A16244922288AB9131861CA003724476C21A272512B3D0191F9A2144F00CE322D66B699EAB0620046715815B2DB7B1ED231840220293D04861AD27118CAA1200A902900122D110341F86E118AD92359026A156036932D448D3C438708E954108456442EE5418E7A588AA324B0488AA24CC651C8196543BFAF0FB3F71F6A56F8D212A880012506AA75E78EEB5FBDF71C7441502E84B5F7D2271F6D8B12355BC7CE4E8D2E6E676676A11114119009AF5F49177DCFAD8236790E8B9E72EBE7EF1D5DFF92FBFF5FCF3DFF23EBFBA76E1C295D7AAEF81E8408D21EA743A870F1D78C783F7BEEB5D8F1D3B7AA45EABA52EDDD9DA3E7CF4C8C1E505D40840C6C0A95B66C703FEC8633F311C86A75EFEAC1A14568589268BD9D7E69880F42649C20D78C3B7D8AEDB1F564106AA3AA0F4B65B1EFCCB3FF7571EBCF7DEE9E9D9D45A0588A88F3DF6D8A38FBDEF7FF83B7FEBDCB96F01C4BD4A5F458C78EBD3E85E4772FFEF763C1ECECC76005058414DE2A6EBB5C561B905A84469E472B7B7D16840ABD3A9776A0AD165A0146D0A2E53B26812440B68AAF80C09B446A3BB8F34ADD5D15007C3B23D5DF325C4C0A24886D29480D83A1C8FA37586081347A983F3EBD26301D913DC54A860A3C0608DB528B9F783AE84429C8DED969B9AB23C4D59C69A8169924323888224CAA0A0C2C197555B503856FE9939946529A0C74E9CFEC4273EF90749F9F957FF5D850641808B172F7EE823A7A6676BD5A4D1EB8DFFF5BFFA77FFCB3FF8556B2691DAC2FCF417BFF0C2C9538B88934CBEDDCEAA9236003CFCF06DB3B3334F7DF3C9F7FCC22F9F387DFCB9179EFBFC1F7DE1B147DF333FBFB0BCB430BF303F37377BF0E081762325F295FB00A062549665D96EB712E75C62BD6744CA6AF6E889A972D07DCF7B1FFFCE852F573503E628D50A1AFB710C02BD45B5E1BBFF4E44AD34358362303D7BF0631FFAC4CFFFA59F3BB0300FCC88240041845558F5F6DB6FFDC7BFFEBFFF95FFE62FBC76FE29B9A1F3833754AEDEE8A36EFA1DAD685E1625C8BCB072146BB2E9D629971C18FB7E9012280548F2710871D09AAE7566534824680189C1C4180B86D054B2680A16C102CFB7CCECB42B4BC9C7C5C27CA3082A1123231A7229240996210E7AD19944410C99D4E99871A5174080148C8208580506420109ECC7C120D55B24018A3C0EB6C3EED668ABCE5353343FD7F11DC751A0653543024520E3008D2FFD405545F6B4AA145843E4B1B8EC8E071E9E9AAD0F061B0C48E080B8559BB9FBAEDBEEBAEB38A090188EF8E94FFFE79FFEA99F3C7860792F81026BF5ECD9173EF4E1C76022FC8A7B3A8BD5541B6667937FF86B7F374D2C2291963FFEC94F1C397AD81009B2EE15D250C39EE018239A7C3CE228278F1D25638BC84A48080A717621993D404FBC7C0548154114592B8CBE18B337763A594EFB46E8DF5BCC4CD719B008E40E1DBDE3977EE62F3FF9F4131FFEE8471F79E821632A2527DAEEFB6BAB5BFDC2978371ABDE9A9F691C3F31F76BFFE0D77FE5BFFFE5175EFEBA82C70996F52DABA620A28854255BD5CDB1AAA1DFEF8D8673AA351541A2C4B5DB6EBA8E73E37258C6422202A28884502AA94B4DAD9E81514AC0A5E41263AD12A921B20816F4E84C6240FA5E92D481823272AC964D8034853C679724BB5BC158026243C159B3DD9332A841024001ADBAB70808AC28A05186FDDC916B346D39829863310EDB9B3B9BEBC3F595E6C1E5B9438766A4B4DC666A228A5A6067B40CB99D309614000931849225A4CDB9773CF2EE7ACBEEEC6C46894E6B1A9B3FFE177EEAFD1F78047512705DBC7829ADD53EF0F87B2AE8C7E4192468B71B6559D6EA56AF4F0F9399204DECD2621B140104413EFAE1F71B630154950964521260A988577BC5255D5D5961890F3E707FD5D19AB802553278E296C5EE6F5FA920BF8AC02C08CA91ABA50FF6BD4615D9D3DB970D2A39B72AA0224A3EF0818F7DFCE3DFF7C10FBD37CB125156816892AF3C7BB69E2677DF72E8C9E75EB87C696361FEA01FC6C5B9E913C74EFCC2CFFFF55FFD9FAEEC742FDE5CEE7AB38BAA6445CCA49C81402E698A8410834C128E58B23006EBA8D9EA4C75E6EACDB6732E495DBD9111500C2C82CE39329064C65A3504D6982A789FC97879DA20118871A90B5123038B1803D601228E468310A3A251204336B10688B606551459B5EDA55A1E5A5898A3460536C4B61CC068375A75B52CC96AA94D5241DADEBDF6D2B96F7EFBD9275E7CF1D52B9777BBBBD2CB71E42D17468A72A26908408002501663C2746AE6D4E93BEEAAD5D3DDCDF5046B961A3FF0F11FFF0B3FFD97ACB10222822CE6F9E7CE3DFAF03DC6ED11A52A3602EA7BDEF3DE7E6F7C23AA6D4F826C02599FF0EB548DA13DF199AAE653C50B132B5102255084F3972E3B4A0F2C1E0230A886AA5E392880B8947CCCABD380A832230873A115EF66BF32894669AF6DFC264AC5247D9C20BD808C397060998CD4B2B46A6B13D8ABAF5F3D7378E191DB0FD6AD1E5D9C35560C5151F2F98BDB00EE3DEF7AF707DEF711D5546E1626ADA0A4937D625B551D9801246087AC69A8529EFB289345EC4B611F393229904D9266ABD1EAD4B29AB1962ACFCA5114C558240B68B412EF0004157F741AA79BA40045E1015501AB8312B1B55A16E5F46C332F40099180085C46430F5B23AC967293EAF20544D1FB18420C21968527300EB11C87E1600CAAB55A86C618EBD2AC2DE22E5FBDF4EDEF7CF59B4F3EF9CC73172F5C19AE6F716F574211B0F258552C02A05A10B8C71FFF336052152D46BB10E9817BDFFDCBBFFCCB53D31D001061113877EEA2B17AECD8E2045B0CFB73A9CCCFCDADAE6E7E9762D00D3FDEA8A7F0E64D542F5CBE9CA5F5A9F6D41ED966825D40449678F9F2E5AA735EF58708C1FB719585CB1E8654A1E26FE01BEBFB1319A0892CF4BEA1D9C4185389566031A60BAF753BB5C5E5D969222280A3CB4B3353F59DDE66C1716D63372F8373E6177FE16FCCCD9E7C23C7ECA65F0D400D34058C800890C2D20769900F039B182D4BAC1ABE8813F917110025634DDA30CD1997B5263960B52C383925A3C654EB91020134AC9C5E6E388C0A90E7135E940F5C3DB8641091B3CC1605130192BA442981D55DF66C148CEC95944480994319B99458320AB16750B2C6480CC37E37CF07D39D69650C7E6C4DD26E2D12D6AFAC5CFADA937FF8CD27BF71F6A5CB6B57BABE2C15ED9E9C1401180129357BE707DECF21F677C7BDEEE096530FFCEAAFFECF7373D3D5E81B7412EC6FFC6FBFF1A10FBF2B71B692BAD9AF38AB0A908E47E33F8DA6D077DB54757373E3D89123D769F33798685E866B572FE3A4A14DF5AC49A82A41F7DBC3DFB566FE7616BDCF5042C4EE76BCF8DAF0A9A72EBE727E2788532463E9F1F73DB4BAF6EA60D4F341767786A8B0B870F0E31FFF1409BDE981C2BD4217213010830184C4344F4DDDF67DB6E421A22D3D577DD985F9850BD7761510C1205045C203925A1D5DA615F3019C18272EB568948C12218A3AD4D373E954CB20A81770CE5987C518AAF2957546D867A95D5B614263089CC534D520D01B06AD78F8522971C264292E011554C658C458304751815A9692E8B818702C16E70F0AB7FB83D7F3A2679DB376D9FBEEABE75F59B976E9620D623990AC3D99AAAAB61CD60E9FBAA7313BC3127D7F74ECC8ED7FEF6FFFCD63C70E02920803600CF0853FFCEA5FFD6B3FEF125B65F87BACA6C9305963B2ACC12CC620FCD76EDAEBF5AEAD5EFDC59FF9054784FBECCBBD506B6B7B37F8227346550CA5478E1C3FF7D2559508200AA45528AA080A2AF2963654651600FB71160040E94BE62842A31EBEF2F24A590A53FC4FBFF307EF78F0CE773D74779A854623FD1BBFF433E7CFAF0DFA4523B5A48AA8C692B241BA71C181FD523B0208A02A58068740CDA5474C73DAAA1691F3103C6A1D15FADD1E0840A50A3D09FA8448C91832E812320DC4045C462E316480080C21A026E08F2F341041D5ED6C148D8653C6E0A5D2F6708E8A120C98C1A06C765244754E6D8A1BEB81232A44964AD31285411924228A455154254550E620310A09596733ACE5E54EB7BF3D37353BD33EBEC931F76B84B6962DA4BA10CBDD73AF7E0B28020A4CA8BE0C1000DA8F3EFA7D6550557DFEF9573EFEF11FBCFB9EDBC9C09EC4305DBBBAAE2AC78E1F640E1356C09E884A7543ADA3FE60301C159D4EFDBB2256FE64AB0280CD9D6E0CF18EDB4F9B7D1CE83E0D0B716575854CF55F14812CAB577DE4379790DEF61CD797B0B96E6C1C44957C092FBFB099E7B1FAF8D1C3C79FF8DAD3CDB475CF3D075C6A8C915B4FCD728C2E491415509F79E64932B8D775560002B1152D0D8001272BE3248283D6899923EF44514289A0C3E00B52326A340044ACDC6D250D802A96C420011A308809B9BA4DEBCEA4682D1A44655691C3B3766EDA30E2F68EB756A7A78C44E02096C0596B9CB2C4E128349B190158135D127DA4DE10A862450A8054D68CCAA01E430E1AAD464790187416136413BC163E00D8466D9E30D9D9B94A0696E6EF703425EC4483B5D8AAB5CBB28B64F6392E8256515CAD7DCB9D8FE4218E7315F04F7FFB1B1C95AF2374CD2B672FDC7BFF9D227BBC58DCAB24EC91309C83DDDE4E77902BDED85CF91E36B869075551DCE88E8E1E3D51AB3989398857111544455402C073AF9D239AE8414C4D75D2A4068296DC1BF12A955AC0DE7ED3396FB0B0FD30BEC845D8AD5EE96FEFF414548911B5DD983A70F0F8EFFDD11FAEAE6D1302A91AC4D43A018848172F9E7BF1B9AF0B04011145512B92A85AA89E58DC0BE391BD996EDDF9933075D8242DAA1845BE2C27CC32028158910EAA660D112469622C220892A011B04A064CC5A72010D0BAE5538BE41CF6FB4C1667E79C08C430D15A4E121C0C82A1A42C2949D1903A67B2D4F4BAEA83334415F87FB2F0234B08900F613CE0DDED61777B3C1EC45080413284002C9CE7F96E590CEBE94C3D9BDBED5FCECB8DE9CEB1F99933CE51C96BE37065D0BF88882A529948859FAC4D1DCA71B6F0351FE8D8B1D32F3EFFDC379FFAA60A562B447EFBE9E7D2465C5C6AABC6375A05ECB7E7D039331EE7956CEC9FCE435DDF2773C1DAEAEAA993270D19A46A9924DEABB60A8ABEF6EAABC6580408217EEA477FAC5E6FBC6568F746A9903F2167D06E6F3B1FFBD5955D8008C855818545A6A7A6767BDDD5B58D6A9DD97D5F282A9FFE0F9F2E7D0E40A016D4821AC0005802F9BD221F1268C466FDCE9F5CB8F3073BCB07A70F2C51626AD6585556461124233116D57AB28404A0C660950F022A12122A11A001242542436488666BBC349B48D48D9D51BD650949048401D110A1B108EA0D2A012983B598248842DBDD186402381491C8A262006C14F13EFA5CFD48B9A07CC0A35E39EE8FB82C49A28160B1E0B83E1C5D50154BADE1B05BC6CD24913499429C017218779595ABA53027BDC210D43DF7FCCBAF9EDBDADDB5DD811976D7FEE96FFCE36BD7B641DDFA5AEF95B3E71F79F8C1C942A66FDAB0A2C1A09E3C7178B83BDCA3FCBE9D5E03BEC147DDFCD76ACD1CFCCE779E3F747019AD85EB84C7CA5638320F06051AA740A8EEBE7BEE9F9D9D57BAB958A58084CC722361F5AD45236E980987E3DDB294E1D8573A2BAA1045141489160F1EC8CB0101D33E9419A0D7ED3DF9E4370078124E61042C010260044550BB57792BDDF46DF3B77FACD6CCC85901A5C4B5B3643A752DADCA03A82CA17A22559108AD3388AA10C900914EFE25200364D01025464F2ED96642C290E78531288C95EF2104EB281FE75353CD102849C15A365693C4EC8C7563C8A04185858523AB28B34A9C9472900982110F202221E6E3C168D0CDF39E705ED5FA1147DDD1D93274899AE3D1686DFB0540F9FF71F6DF4196A5D97D2076CEF9CC35CFA637E54D976BDFE37DF7608019188200B804B92077B9216E684321E90F69656215B1B15AC5AE42123764FED22AB8A2B8A28410098020895970807198E999E931EDABAB5DF9CAACCA4AFBFC75DFF79DA33FEE7B5955DD3DC3E1DEC8A88A3299EF65DE73BFE37EE6CCE9673BADF55A5BA6DEE7F39440658117DF79FBF2BFFEC67FF7BDEFBDF2DE3B5B45B5F39357BEFB9FFFE7FFC5BD3BC55F7DE7E5BFF6D75F50FAE7A87DCECE00613979F2C495CB5738F094557738CCF9F95A200F27A31A4C2182934976F5EAD5272E5DE287783653EC8984AA745956D47FDB6CB48F1F3D91C4E94395F38CDD158277EE23DFAB3C7A481E7E4CC60311AEF55E653AE1E1BABD190C074F3C71111FF4A808002FFDF8471B1BB7F0E19ABD1E6E8806B1201A04192557EBAD0BFF3EA42B55595465599685D6AA49888071C5C8C800C8528178004D189402A5350B13021A01E351692220120224042D32AFC2E9B5B6402052AD34AD4B5EE784058082527A3C0E510ACE5571120B88D1080AEEEC78EF506AD17DF628C40125482859261A4A01CF1A159173128404830817C197A42BAD84C43BE7BCCB5C393066AE91CC15A5EE0D3604D9B0D482950035FA561168AFDBEDE50B6496BCB86B372E5F1D5DD31898C34F5EF9CBFFE33FF82FBEF6E5DFB668C02BD130354DFD39B9C65A0CECB309355B88FC4016F0974C8CF5EC4300DFB97E7B6971697EAE8B1C6A04E6434419351C1D64790F4400F4A9E327AD524A698043888C0082B028AE38B88758F6533EF4CFBFB82873A54869F29EA7076B3D7C2098F4FB0B73F3808EA5C619639617DFFBAB6F65E35DA4201066DF65AD5E86085C0F7102ABF973BFD77DEC73812C071620523159931A130318EF41508CB14693B526B24629349AB44624505AA1466D411B542444F5C3851AE5DCC9B819733D9F53081CD807F1BEB64D94E07DDA88FA07659258A5C028B206B30CB6772A000A4C9EEBBB47C2145C280B37E99759BFCCC77959942178AA41DFC0482CE87CC8BDCB822FBC9B70A8021785BB37CE6F691D35E3A3FDDECEC6DD9F114DA66682C00014909CEA4A1489AA948E22B3301C1C000645E47CF6C39FFCCB77DE79EBEAE5A2CC09843ED0BC7F28A7C9F32F7CF1A73F791D1E10440F01BEFFE6A128003222237EFBBBDF7BE1CBCF93429991070F7F1151DBDB3BE3711F009CE35FF9D20B2212A60A2C87AC3E41145765C28FE6EE9F9F9C6BB0D478323246C7B1056099521705107CF06B2B4B6A26B6C52C41F0D5375EFDFE0FBF49AA12700F54EC6BFF2700042609A2A16A3FD9F9D8DFE624D54A6B325A19D41101019246D4F579A80D6A6D89A6BCDBA92E800829500A8CB15A29A3EDACD08204F9E88A2204EF6967BB5C584C11C93B014152CA582A1D6A4D9563D288C84A0111DEDAE4C29BC0357C8D4988B8D67E435FAA50E9B21057B277101CB00F46A1518648196D89B4003B3FF69C313B91202C55351A4D6E95652F8D17F2AC9C9EF01266CF3144AD53364E594AEFF62BBF57E6DB5823B5C5E7E5D69F7FE7BF7EEDF21BEFBE7E3F1F32618D4D3D544EF800B04E4E9D3AFEE69B6F8A3C12807848899287C0BA1F86DCD5BA1141DE7EFB9D2F7EE6D3F8A1D21B4548E4603018179997D06E779E7BF64942D14A438DAA397C45C422CFFF8D338F47D1CB58E42ECFC07B386C4A0084C16FEDDEF9DC673F4E02C4A800882077E1FFFC7FFB3F0D477B5C13C566F49CFAE9987DC7E2305E7AFA6FD0F209D058B312A6FB6ED28A089D9769918B5C976988A894AA7BC669CD4950F3B5518840695446F0D432CD590251834199A42A6D1288486000242D4AEBC0E57054B63A09295104C6C02897CDFD5020CC54C0A1765E085E42C5C1A9AA14570A7B602FEC804370554624D6344450A0F0615CF92C848AA50270C0BE26B1146EABA8B61947009E6BB742000008A2E7961E0F825A6BA322101F421F11B11E19036CEDDEFC7FFFD1FFEECABB6F5E79F5DEC17D10C6E0819D12F9881B27E89F79F6C9FB5BBD8F2EC87EF1C1018000376FDE5C5D5D9F6B37E9439F54638377F60FCAAA148453274F75BB6D615FB90A6A87B08722A6AA2AFA85443398357D87655359868D5BFBD9A41478105B5EFCFE60E7C927CEA1D4080044C06F7DF73BEFBCF7068B0B874C0AB11FA0D40760B3F299EEB9AFC691D146034DF7E848449D66A3D9888D26AE61181A95320A51134591228D8875C10E5A11A9A9BD1F212A900696C79625D6E2AAE02B68B7F5343E02204814E1D656AFD1481055648108B426B0B23BE27135EDBB61B623AD052B842154C1953E3811A699D87F107045B59F97BB44446899850303184529618A681095D6C6182332F4E5411D2E35619B1155BCD85DB9C002EC1818457282B10808B0A00890886CDC7FE50FFFD57FF5F6DB6FBEF593BB7BB7F9DEEDDEED9B077916F823FA797FFCE4DACD9B1BB365FEBFCD252042AFBCFCFA6FFFFA5791E5C3AAC7221458B6F776448498D657565BCD162029A510D146D12142267038F45AFCC517CFD01528908F265BF7B7C22356755214F9A9E3C7BAED74AA0F006A94FBFFEF1FFE23917296A171361AAD00A77980010B9A5B7AF2EFE8CEAA0B8109C82A328A0C91416D3444565B2B5ED8A104C50808C24689320108C828D28C1A48E3CC28A6E6A316732D5E5E6CD4B2AE492C4A0908048FC2A4AD30A00FE0BCD31A94AA95CDD001DCBA2F2E4CD76F22803C756C441108C03E48F01218BC4111AA998448104C80519089426B4C377000CE91004007F028A4551A454DAE26115827B579B80204B2B136C7E6E69EF1FDF75DB12B818B719FAB71DDEA4E7FC028006690F7AFDE787F3159DB7CD75CF84C57376A61DE0737EF70E9B2B8D4DEB97F503A8EA2FA44975F707A7D20B0BC13ADE2F3A74FC2B40AFCC0094399F3EFBE7F859049D489B575AD7410AC675A336A240008B3F7BED026AE6FCAF4F8F9C076A72E98426042224411A87902F58801859159C1CEEEF6273E768ED0312A1225223F7DED953BB7DF2671D37D35D4FEE37E9613852104B0FAD40BF3173E5BC52048841402D75B7304A432CF2B57F1ECD0D7DA18AB9521136BD2805A94011D9189958908B528054A21A26890B3A79A4984CC10824A1A16009C9710048015E170509C383157E42E890DD6E953C1C1011CF49C4C5D87310471015088EAAD7ECDC9A90B4DA837D2E27CE95DE95C21EC4228AB6A1299A499AEC6764141AA28D62AD52A524AAFAE2C29852887AAE8800C88C6C47345512C2C9D8E1A4758691F4AF6B5212523C88C8222BECA8F9F3CB2B5BB5594A5AFD47405FD51274292C45595F7FBBD8772E52FB53D14907EBFBFB8B0D4EDB46747D42321C9C281C3C69D0D04D4C67CFC631F43C17AB7366572CFC05CAE2A91666A473F2FAC058425F06191556B5F4D1B8D50E70C60C0B0BEBA347B19CE2BFF9DEF7EBD3FBC275385927A781B1E694A10A971EAFCD7FE17AE658C051D61A39DD8442983DA2A1D29CA266132F2D9240FC103A0D2364EAC6D289582680726880AA885B430855AFD989041FC725B4E1F211241A4495E925282E83D880092674145A6AC0050ACC1DA630201DEBA565540B5F518303AC622803022B062A69AF3C540C2C81E8388AF3854C1174962853D73E97934CEB7B372CF1813C77346350D3548299672E3DE3BCE8F25E4801C024B084A8424692E9C1F8C36C7FDBB2B73173AADD380254A55471502B2A4820C18CAA2D75D50672E9CCD4BF165C069D87DF842027CFAA98B6FBEFE164E8D797ED99DB480DCDEBCDF4C93DA18F191EE6036E71A8C8683FD0310585E5A3A7FE63125203E5455A5949A79F482B0045F3230929E0A46C8B44CFFA09FEF342F4C6B8F5A323E30D796D84144C4896427D7174984802B0AEFDDBAF5F53FFF672CFC1063E283DACC5E37973EF57B66F988D29A10140148309AE2C49808C930115A4438B4492724526823AD0CE9482943A8415B54164809102B040512817BE231DB305323A0B22809D17BAEED434C64AAB242F4BBDBC34EB7393DAE0CED8E606788AC1010383020314B913BE70230210809100B012A859A402BD20AB5464D9067E3DA205C2478CE5D188EF31DE727D6248A12800840B317969C79120458422DB349185B73AC618F1645B177706D61EED85C6B85EAC00671486016112D0057AEBC71FB8D8F7FE664D2F245914F416C1F45A6428166ABB1BABAE22A8770E8D20CBFF0A33E1ED4E537DE3E7DFAC8D42E6DAA0EFFC891736763B3EE3A7EF3377E8354AD85C3799129A50FC5B0A7D34D80599127F2734E2D11A955E384A73E17B540F7D4480EE5D6AD9BCF7FF1F35AD7BE0F9467F25FFE1FFEB7553102FCC0EC7636421311665C7ABAF1C45750958AA826587BEF8403D55E348464621327B1D15644011029514AB44132AC0C9A44454D52096B2B8650816864125969D091455D47A20F68940680E0310421041D535101A12560AB41809582007863CB71BD5C9CE90A00A0F75294C00C048A0467A360600E21E4218CC50F4072903CF8604C2BB2EB697A3A699E8B1AC741C715686597A2E8A8322D024D120190B016295D70415C94B65007C4FD567A44E9C6DEFEED727817851134816248968F7F42B029808CD5777FF0EDB44B8F7F6CBDB3385323169C8E9E1891A1D63527094AFCA50B67C43BF8F9BA781FB8BCD08DDB7705F2C56E136B92F754E6EA6164A67AF9B5D703729A76BFF6E55F2310466671A3F141002D64611A6945F059ADB03E33F4E20F0946D4DC36258053736264652D839AFE7F90CC159371FFC933A74840003DC8B7BEFDAD372EFF95D4E2BCB3D5D4E11DABDF23795A78E2571B4B47A5868C522DE0CA3A6106CFE211590308D5BA7A526BE550FD2134C5AC98481BCBA4900835D6B22F617D5945110860F0B0B733E8CC25CC5C3783B5B45AE57C08B0BADA06002442F4E391DAD947964A44E3B450A8E998E46AE9F68000C0CC48D0EEA6852AF7F6C6CE172114214C820C9CCB7530C4B18EDBEDE69AB11D341173ADD02A99EFE4A3A6945B8884A058BC48600150E86152B86D0562A30525BACA872C258A0220814677FEEC70A753667B827CF7FEE6EDBB374F1F3B03C0414AFA60D3F5F0A1501B769A87FEE117274411A03FFA933FF983BFF5FB84F24043685A1C4F0FBE20FCF2ABAF04E1E79FFF72B7D5466441A96D8DB5A9B30620400895730582A829581EE1611DE347620B005058EACC4BA405B166137815EEDFDBF8FB7FEFEFC446D59F7DEFFEE61FFEB3FF5A605A177DE4B781025972F4FCC77E4B663750EA0259A189C9578AAB00C25AC405913238919AED4E4AAB9AE184085AAB297D9610954264006A187FECA8462457F1A05FB4BB8D2455AE02F18CC8A2647FBF6A7593AA103204C20A1108B60FFC70228875325100B538194D052A10BD0FDE074444E2C9786274D25D981B0CFC64920506104D143167CCB92BF646F955ABE7ACEEDA2825DB1220A554A3D109AA501811540C9AA5144A88451120B2ABF6980789EAB01BCCA004D4484F7AE9684A8290A310C2E41FFF937FF89FFE6FFE4B1021D402F84B31423F2A013D72331003C8C6C6BD6EABB3BAB4C88253FDF5876E7F9D75CAB2DADCDC68A4F685CF7F4E2B04801ACDE79D534A112996000812A68063A49F37EF7800AA363A21AAE178A875E42AAEAADC7351C0E4D28523EBAB73B5037308F49D177F78F5FD37C07B9A052A3F5AB08380806A2C3D6E873D191E88D6AC942822AD51AB6A4480368EE246D368ABC9463A60C53C85C51D2E9E48D1547D97088950A14232C04716C2F21C82C0CECE7071A165226496E0110268AB8A4A2AE704944D04B0FE129007737DABF2422228202C4802C10B525D5C32025A639C21C24048C23CCA3381D068758C3507BDAACA3300244A0099141A628010A457F9B1F0AE08086AA58C52401421044016F4B5A2B9ABBCB20C22412693C970926D8208203398CECAE38B479F19EF9C0EBD37835680EE1B7FF9F5FFE9FFE47FD56977A5463CFEF708AB8FBA586863E3EEAFFFFA97B54299C6D483D5F36167F9F63B57CA727CE1DCC513EBC70ECF7511F1DED7D4F31ACB526639881C129A3F0C6E9EC61682881C593F3118F64B1E0260593A86C9D25232DF5D3E7A6A79A5DB32E20425A0DCBEBFF5877FF8DF94C54801D1747AFD61251A24B42BDD0377F91F2006202DA4512BAF1194156F0454D558D48BA7B4B2A43406512C24B5AB2B8160205DDB52D65019D0881A015152E53EF678CB90B802B552DAD61A76C4BE5E4DF268902F2E3686C36C7EBE813352E5DD7BB23360415D8B7000204BCDCF0F3453D20444634D674E55E5082708A572AEE80F46ED965D985FDBDFCD9831B226F830E3FFD66B54082C22A03534D378341E0841001424CF44A2802BF6952F2B218FCC52F44335AACF5EC118D2E6B0D88A3BAB43646485004536FEF6B7BEF5BBBFFBBB8084403205D2D00CE2F9DF13369A8D03913AB2BE4A0F87811CB240EB74A6DEB8FC2601AE2D1FEB743A323B2F3840F08253E16401E6C08E00648A5A990D2F3FF2D8024AE2F6789CD5BBBEB3674EFFFA573F9544A05111810142600F28A2FED3FFEC7F7DEBCE158000332579F9D0D71540D36DAD1D6F41CC828012009811150AC2D828D0A826E586DF7A5303090387004E08A10A18D022E8A02D9065655059AE517E8480E08F2EE2E2BC04A1C9D8375B2D421141E72130D4EB2C845AF74EA62A2B28CEE33BD743050A9104B484800828C8819D0FF59E9C19455810D08476D7F8428AAC0CCC918D47A3A1C01015B394BE06A2D7F52B87BA6DA96BD7E025CFC7AE9AA0418FA8D054DE0AA37045E81049C085E0258C832B9510A003ECA6ED0B655E4E2AE3EBD9322348F5FDEF7DE7ABBFFA6BAD66C307DADF2FE7172365A652E10F77DD1F1CCA3F92351EFD0701EFFDA9532788746DD8FA0091CE30255621553E5CBF754B817EF6A9678DD1B5550E4C159D48298B882C817DE95C4E021EB4B61A3F3C179DBE83FA355414A5B5F812831C3DB6D64814214BE02AA749154A1FFAC3DE3FFDE3FFF6D5D7BEC750D641551FAA8C0F7503535F716C779B64516AEC284E9FB94325532F6C1402B23696103004A8190D026C2DA1416540D71AEEBA56D908029858BE783A06E0E0557FD03B39B70C88CCE09D1340349467818CECED8C57575AAA66D1A1BBB7A3B6C69E1131847A7C8288AA1EC6898820330616E7C03B0ECC21409CE2DCA255031E0C7A48413802D1CC549515804CF10EC2B51757FD53F5E84A372242908012946E00B4454AAD28B861D43825A8C9578C639132080A898EDB3E8C629B74BBA70EB04538A9B16C57AF5FD9D8D8BC74E13C8878073FF9E1F5A79E3DD96C4775E7F54B99287FF0464BAB6D3B3A99D20FEB3310673AA0320DD3835EEFFECE4ED2687CFAD39F9A0A234FA7ECC2816B670D100952D55F8550D5BE84BFE022A4C826CCBEFE94C8B46F5C1FFAB2CCF3322F435E145936F8D14B5FFFEE0FFE6990C1CF99073F1CAD94A6293D00DC4C8F5D4164E1294A190000B4893CB342D41C081421A2368C865081364A19528A48400992A89516CFCF9377341E942BAB0BA84000BC87108434A1C16106693B4DD8450601184998E1D696F7AC4080C314BD5F97854C0C229E950FEC995CDD188A0A2C0CA22C7416E2B4B5B4BF4BA3612F0405AC4584A5F45C414D6494507FA543D049600FBEB21C9469935D44B88BA22C2893AE227254F95B77BF2E90053640BAD53D629416EEE9A4159263505E5120007A77777373E3E613971E47C4F523E9C2FCC56F7FFBA533678F5FB8781CB0A88BD15FDC037EF8DF0C9208CD30EA20B5D6C5C3702EC27BDBF7B776763FF1A9CFAC2C2DE2430E97CCEC9CC3E95882CB725CC74C6D9BFD8B231C91D2A48514C409B0EC6E1FBC7EF99DA9E8B7A8ADEDCD7FFDE7FFE4DED6EB401551CAE241C2CF4BAB0280A85D21BBB70F60E6A80D0040A41BB18D226D9034B1A680A28DD16505DEFBFA09515A29EDC188899436A09520B05244A40CC0E915888DD9DFCB9485248D00200470550000A5B02AD0872A9B542B0B29D1F4B8DFE9DB3B078E03D7D90B009068363B164061E6C0E05CF081454802052F214C9F076BCDEAEA6AA7D53AD8DB1E8DD0F90C7C2CE2502A52002100A22640229E32A847EC3D92D17A3E69AE84D12629288ABD14B4D66044F2E140580019B119A7275045CC65C9934673BD28AF02561C58B0FAE6B7BEF1D5AFFE16128848DCE0AFFDE627B7B77B55952B05CCA09402E4D9FCE9975CE6CCE601D35F1E2CE00F39C6F7B7B7C7C3D1DFFB3B7F97EA677FC6310E218C46A3E9CD15AEAAAA1E5E28453845C63D88CF0F9E58A492249DF2DBBC27928383BDC0E5649265D9C4F3B83FDA8B9334CFF1D4E9A7AE5EFFC96197298FFC3EE53B737077AEBFC512E821A5ADBA3E564A5B1B696329B2719AE8A861721F020A83101229505160CBCA9231A050F494632B73CDEAD4F1D668088169B11BD73F1276C001EBB677EFFE64613E998C9DD6082408C84CB7F7C228E799962B328B78404412612461610666093E70000EC25E390735661601EB0948D24897A3A3CD49B7D7DB9B6499D596C3D8873E5045080018021B152129F645600E4A89998B5AABC5882C42951F64D986697418D965079A89C4815E8664CE85804A504571F7E264FF25821AD0195E7CE9C59DFD83A5C545020061A5646DAD0BC0AEC26B57778BA2BAF4C4311B855A6B0201E55198837C648FF6101FAB36F4827A71314B85AFBEFADAC9B523C79696214C0FC5BAA2F31CC645CE0C53705FA8002420A5F14CAEECE7C7569957BBBB7B756005E6DB1B374683BCD18A92245D5F3F72FBCE7B172F3C7567E3F2C993C73EF6B12F5DBDF1D35AF8E381EE161E3AA84B7DE22204840F4DB904D8FBC29775C13F26A4B41901A289CCE190CF44CA46DAC446292444A3B5523A21BE74429A0DE8F5B2E5B584EA4C14C4555E586CC46581D658118E2240E2DA6FDC03DCDCA8C01FA2E6A62006577957892BC13BF21E83C310C879089ECBA27265702E307360A92AEF9C0B81914CB33DB77EE4B1A347CE27F1FCDCDCC9C5B90B49B44814A5C912E99693CC43AF0A03CF13C160E3A6328B4EE38C000080004944415449E11C0070E0E5B963A43B83839B111E28F4886CF4F16EF774A3D96C36DB693ABFB27609C0D6352A4BC88BECCFFEBB3F67993113A714786BB4BD70F1C8C272FA2FFEF45B77EF94CC913C1030805F4C657824433D9AAE042484F0E20F7EF05BBFF15B96343CD8352322F4063DE71C0B2348551622A1465DD828FA00D3EB03AF2F20DAD88B171F8FA2180040F0B9673EFDDC739F3E7BE6D2D1F5538A2C70FAFC977E3B3627BEFCA5BF8D60910EF5641E3DB00000546D7907C83535EEF0C5664E9CD37A44B0D6B796C0AC1411B3000B0228A3B4A1694DAC9410060ACDA4BC78A63318F9B41DE9D90A2204081EB442456A921569530D4779B315618D5110B8B7CFC331AB693B2A584BD50AA0A0F75C3AA92AE6824309AE842A87720CD5087D066E12AA0967E350E6924D7C99872277D9A42A4BAFB46DCF75502BD4F1DCDCC956EB1851DAED2C77DAC792F8481A758D38E7D9C673CDEE711D758377EC32AB423B8EDDE4167321800C26997FACD15E352641541A258D9AA4D3C3FB2350FDEB7FFDCFFAFD83E98209B82AE5A72FBDBDB9B127E8D78E767FED37BF78F5F6D5177F78F9C68D835029AC09C1F073E4D1FF0D9700E09B57DED2917DFAC9273FFC6FFD418F6B49550EAEAAEACD9DD631A09A3991CCD88B0F33190539409A34239B8228446374CC8CC10B81664663EC850B977677FB9FF9EC575A9D790004313565FEA13855335508F925937EFD69DAB9CA3964E27A0B4D48A8142A20AAA79BC4205ACA4B27E238C6E128D81800A6661AC103006A5D3F58181801415B0400255254F0C397732F8A6A3146057EEA1D355DD932B078088EF3318FC752E60C425511826311610CB55551BDD72464223246B108A938052BDE57794E6A8E14D5165FCD6623EBCBA69484ED28EA9AB86DA2792A7AC22E2FEEA8E8C4A877438491B548D25D3C6F6C139CF2011590B0289DD6DA910008186EDE7EF7BBDFFBEE5FFF6B7F5D11322B22F29EBFF1E7DF5F5A9DFBD5AF7DA9D9705FF8DCA57E2FDBD91EFDD1BFFCF60B2F7C6A713126F220E6970BA50FE007E58FFFE44FCE9D3B7FFAD4E90F2C8E38C8E52B6F018AD2E4CA62BAF90220D433DBCE8762F0033718D5C2C2923111A242A134898D52F5C987084A1100ACACAC425DD3113113814A93A5A2DC037033242303FE5BE85520000B5351D0A17409802225DA009122D284AABEA773291D3BAA05BC9A226111A4CE5F800AD040568600EEE060B0BADC9E91F3F1D67D19147A4A6AAAF738A4500859C07B12411660081564A372D2CBDCA4845046A64A536AB793F96E73AED398EB36E6E61ADD6E3A37D7989B4B9B4DDB6ED946C3A40DD36825DD856E7769CEA649DA6E77E696F232E46519242035A2B88546B7E64F07414DD2EFDD5130011E2AD140DA51D7A62D76A5D1A9516DEFEDB82A6D735E50332841A961F5FFF2CFFE7477A757D7ADA4F899E7CE9D3A7572776BF27FFD07FF707F2B27B10BDDF613E78EFE8DDFFE95977FFADA6BAFDC284B23425C2BB33E4A7E7EC0BAF8082802F54693175FFCD1E73EF9492D01244CD925A2809507BAFCD61B084198AB7222523B3D13912244A8C17AC85CEB113C4CB315F095CC7757119040317BA363548A8099C32144A21E58B810AC8DD7D71F6BB44EFCFEDFFC9FB7BBEB0159541B4DD7631C900218D42D4135DB3E3EBA319829330510367AE1E8328DC60E35AA48211192160A408C84A46A8F37B404ABF3AEDD550F5B718A80771082A012D4B0BD5F918992466C545080045838B8B3CB9EA6801E9A713E6B14B2518A000940116AA5AC32913146230A284242AF28682D5641122963C0684008225E111332D679017D20AF63DDE824693BB1B16D773A6428007B266DE24A5463FEAC63520883DEFDD1F09E773B04C24269F76CA3730C411B6DDAED85C5E5E3ABEB17DB73A7A79BFFA9CBBB7BFFC695BDFD1E008AB0408892F0DC274F7CF6F34F7CECB967B7EEED72F0801008B4955F79E13328EE077FF5A3C964F2C093EB610EC54395CF87865CF4B3D75E37367AE10B5F209C0ED7EBB1840008E1D6CE3D0016F6553566763CF5999B29757FF49128C00041AD2D1F23404D1A81D3B84182845CD37098C30CEE8388D0EE764F9F79EA9967BFBCB07CE2CCD9E780E2D3679FFBE4E77E757EE9A4365D32F153CF7EAED606A47ACF878A50D5DCE59A141F106DA7FDD95FF9C2FFE87FF61F6921561A9405A591542DA7C753F50942AD7443CBD92326D63576A24EB6120296A588A0D234C98094AB4AECCEC53CF5F8717B23BDB54F80811849404DC93E33A3444142548480C414ACD5698ADE515586AAACBC77C6EA5822A5316D3406E3A1E3A02D4691CDF2529142A520B0F79E1000398A541CC7E3611542509A10C579D56AAFDAE68A31E93DDB251C6493512485F37B06A5F4EAC8910B2636951BF8BCA48AACB65AC58D6471AACC082840C2389EF4DFBD76ED89F3E7011D2022A84EBBD9BAD838796601016A27C0BA2D892D7DFCD98B7B070791350F29C77C449A7824181000A0C8F2BFFAFEF7FEEEBFF777DBCDF60CA879188AC17B190C4658D779AE9C52BF5021E910046A779F9F97705975BBF335561701AC31520FE11E7A0FF5CAB17EEC8FAD9F8DE2761ADBAF7EE577DE7EFF8DAFFCEAAF1F3D7A64657EBD3FDC7DF1A5BF387FEEE26B2FFFD961B175F8350430080285734F9CF977FEDDDF3F7274254E44A38940B18E66136C459A3CD6C2CD4A2373A207C7D6166ADE4F083E899041AA4ABC17A35111DDBDB7B77664613C64AD49106B8DDB5B774356541634081108D4829380B54F12070F41A326A5B04461714A1B00104FEC0450204091158AA4CCF3CAFB1A952181B27156736F502B6D2C90514A85124A1642DD6CEA3C8D7DA8B469B79ACBE37C1CBC6D75CF8C7BAFF87C67B8F57E280BC55AD96EDC5C1D0C775DF00204804A9422254C2410B0464E0A1086C07FFA8DEFFEEE6FFC8E213F1D3F61CD13D10000B595458D2B470090EE7CF7816FF723C7C7A3608743FD0600021A8C86FDD1E86FFEB5DF5600B321EA34CFB0847BF7768B324782F1B057DB05121028A3B5FD45D534020874BB0BDA1A66AE85F69456DA98FA07F8606E0E531941447DEAE4B9C5C5EEE73EF6246AFFBD97BEF95BBFFEB58689C2A878ECE2B9CBEFBEB3BCB27EF8BD311ED229314AECC2DCFC57BEFAB9CF3FFFF1B491D4233ACD2C262163A486C768855A6B50480A80C462F9A94F77A21840603420EF3849B40FA1720228A439CBA0D54AAB221032800A01B492BC541B1B453D9B45004588422C5073CE80059884C1559568ED2AEF5DA872091ED809B338E77DF0CC1EC123A1178EE25483CD274E1B5DCFC1C828AD091530BBD2E1A42843A842F083715F58A268BEF294953D0CB14ED7FDEEEBDA0CF60757948A99D9B68EABE468908626660C2842A294524AB7813452C97506422F806397BCBFB175FE789B883E0022F8509BF44B2D7B1EC985020CBCB9BBFDCC934F77D336630021110281A2F283617F7FA7F7DD9FFC803910B8CA17F54209419B289E710C7FCEFE5900001F3B7B5E8B9A764CCC69D240A4437EC3ECED4F9B488572FCF8F2B34F9E9F4B1583FACFFE97FFC9EAD2B20AF2FB7FED378BE0FFC66FFE8D23478ED78F5C4D1263C0A8199F7FFCDC673EF3894B974E37DB16EBEC2C2C221A206865B516240308400E5123221023E2CA1C1F5DB2003C18FA71E657D61200A872AA2AAF34A3D183BD627E21DADCCCD78E3438082A4480B7AF85490EA40840140542024114E0A03840558973C82E28E545A02C3D3304A982579A0C9310EA388A9038CF4765550061553A65296AC449C36823A0903469AB3D5445111A928290400A02286D8BDA7457D78E9D4CFC5296B98A9FA2BB2FD9B03D1C6E06D14AE9B5F54F2C1D7D0CD1D6450C2915D948911E34FDED2B6D71592054D866D816F24963E1EBFFFAFBE7FF87BF59E7A0D93D3BBC2DB520323C64385D5F0F1B937CE0C6D34359511C873B9B779FBAF8A420894891F3A057DEBD7B776777B72C0B17F8ADF72F0B60556612720246D082CAD8446026013CB3EE8247A117DEC3912327504884830466312A16110E6EBA519E7A2A218A90C0D9E36BCF3C732689542D28BFB2B844B5251DA231E6EFFECDBFD52B7C4D2D143036A54F7DFE132F7CF9F3F38BCD248DA7D87F66ACD71FD2D0D65AAD94D28C0FF65F35071A0C4E2E9CB191E6B284417F72F46447007C0565292180B19A10E3D8E63929A505020B1AA547255EDB081512091002D2F4E0772EB88AAB8A830FC13321294584A4481B2320AA62A98AB256AAC827052989221B2549553917F2B2A85B87348A6324200D55090E5051CCDE0960EDDCCEC123808DE3F65CA711B5BDF07C331D5EEDFA6CDF55A5680F66EDC273CFAF9E7B4C4AA92ACF02CC52965559142CA48D0D15A1244BEBCFDCDBFC4B5265E0F0CEFB37BC67ABA63BE047E6DC72C8B4FF7985D50C2A3EFD84A986F78C3543CEF16BAFBEF51FFD0F3EBF71A7BFBDB3B3B9B9954F2A11A829C54CD8EB1D008AF7258BAFE1A244CA46313C02423CDC183D781B918DAD8D0584997DF080A0B4AE8939F51CBDB6B54511423C766CE9E39F38670D8108B30022D5363638D5189B6B77E286EFAC2C19139F7FFCCC6FFFCE57BAF30DE129A0755A3933E645B9716BF0DD6F7F4BDB04B40A8A208023D12835D40E5178A1A9D6161310C8B3D09D4B41400214B9548527A54841360144DEDF9B2C2C749019B50491BBBB3CCA19418B302905C2CC208138B0F7C157E87DEDBD23F5248203038852943428495455B28CEBA95835C932A5142A157C2826A3ACDFCF1BDD384A75A48DD164090CB062A5BC31CADAC8B9504B60636487E3315550019B449BCE293FB911C58D09F7E2E6F946F76C354157961C5400F6BE2ABC67D0020D224DE0144267F9D4F6F69CF2FD6131E0E4E27E3F5F5B69893C88AB473665FF86EB414758533890044533405EF9BFF8F6F7B5A4AFFDE49D2C9BB810E4B072670144EFF2221F0A17952B66E34352D6D20C662F8FBE0C088A78446296B985E5D8B65828702E5EEA88AC1F863A69D781A884CF9E5A7FFCF1D34603F03452486AC568023405873BFBF76FEF5C3F186CFEC6DFFEC263C797D6561708513CD4926900AA127DB097BF75F9E68D1BB7EFDCBCEF3D6A6540690414162698AD458585FDDA6ADC6E03070C41A78D1A612665E1038B32C1687DEF6E6F7165CE2A4D201C581B2502DBF743088028444444C03C33AE1266F141380821CAD493BD9ECB05EF09058521CF43601061638C52E03968A323DB35CD8546236566174A6D9432CAC65A45488658192422A540A406A1C74962AC252D02801A8E5F7AE1A7B7FF02B50E5972F2CCAF556A211B8D55C84192BCCA86E37B95735A1BAC468A6211438A37EEDE458A35ABC1FEBDF6E3BF72FBDE686DE561AFC08FDA06FE128B1C22E2006586FD5EB979F7EEBDDED61FFFF1BF7AE1B3CF8F867D40010AC2321C0D231B47511305CAAAA8AA5CC4FB50CD8C52D146D14CBB7D8AB33A04773073E54B6B2222D56A758D890481394C3BA7071B6699E171E4E8B195679E3E1BC78F521C45658459909FBEFC839F5DF9ABEE313CBA9ACE2DAA2FAC9C55A209144C21440C5A0F7AF8831FBC79E5F2B5F178E4BC030604D4546B87A0C054E4B986DDAB94F2B327DB4A310709014823A3E445702E10291BE9A2082652BD5E4ECA06D628A0887707BC71BF40318462B046B8220B30839F52EF1151093302B15765C1C39ECFB2D23BA855B2B4B28012C5B131849854DEBBE015291FAA83D13E80F1A1E4507A2E5081895A8D562369263A52A810C984A00195B20B25C714026801C15673593844CA361A178E9EFBECA0A88AACB779ED156349EBB9C160AF1CDF123F007179D10B2CC4894EE6305B906237CF36EFDD79EDF6DDE4534F9DA4DAF9F84122C4E9E4778A587868735BEF5DEB45336B40ED4ACEF2B22A8ABB7777EE6DEE6479EE25DCDDBF1524733CDEDADB17A8AEDD7A7B7B676B34CA7FEFB7FFBE6506A2D1A4E7DDA4C8FB285CC310018DA24866BDDCD4911261E644EDBDAF8CB612CCDAD2BA46410096A01408686D22C4C3C30E2CE2F1632B9FF9F4B38A3C86A0083C6ACF3028B2FDE1FED5CDB75FBDFCFDB5F5F8339F5E4C22212646AC5733221200F382F7F7AB2B97DFFFD94F2E4F7287A8043D4CA9C8A089B01E93D18CE8200804FEF84AB53C0F881884B2C9787EB9513AC872E120C61229DC3B182FAFB5376EBB660B83484D5B7CFF366495A92B2B449E25000A2170401064965051550509CEE8904D429E8977581BDE6A83C28E836781CA810887E051D813A131800DE78A71DEAFCA810B03EF2604A04C1235165A9DE371B3838AFA833200E4251E0C0A63595940F6B7377E96655B69F3F8DCFC05881784C8C60B274F7FA937B83DCE361AADF65CEBE9FDBD778BE27E001664200413B5E7CF8D47EF6A8466A4EEDCBD9F673E89503E68CCF6E00C3B2CA64490996ACD69EF79EBDEDEA03FEAF586E37196E765F0ECB8CAC3B837D87FE5CD1F909EBCF9FE37AA32ABAA6A676F6F38EA95856CEFDD3D75AC214207C3832C1B7270F5A25B00A33855A41F20256660541000641F4A5DAFD0581F3F7A4281040EDE5781BD226D7534F5AB454480D3278F3CFDE469A52A0664B425CB8D9D3BAFBEFB6A295B460F1B4DF9C2E7D68D5282F58A646A585F318FC7F0E61B57DF7B6FF3FEC67E5555C23C15453A343240D44454B70C5CB72B88203E31D5279E5DD40A024399838D5118F20954A5A068ADB12CFDC262AB2AEB968241800C4D1C5EBF5132AA9AB1385B8F0207F00E8287AAF459E67C4EC060D0009254CCA5F795F7A162F612466539617121542C3E007B57B96AC0C21051A7FD586C8E28E8B830BC7BEFDD62BC69500258A74D1CAFCD2F9E6FB54EFAE1184415B9639610A42A430CE5DD5B2F128E831FFBFC6E624B60CBD65062A3CE13C5E4D8D6D6DBEC8B95D533BDFD5060CC68B4495B9D391BE2E16DAD9040D3E5F7DEEB0FBF982E751E59CD4D3D6CF0F08F750D04627C89DBDB07B7AE6D1FEC0F2A2E8354A8BC73F964D2DFDDDFBCB9F1FEA0DA3236CAAAC9D1E5855E7FEBEE9D8D5EAFE7C10388D2D1D5EBAF9F38F218206745BF3FD8450A508365C11A1D3DC2BF8007D01B04F0DE599B82A834E9264903008483F701806AD51401610E5AD38963AB1F7BEA7C1443053411F7EA951F7DEFE5BF8C52FFC4A5A36B51B0BA8D424228B5F03E2202815055A81FFEF88D175F7CB32A4A0E4158514D8E447CE8194300D0CC0C34750BAE4F73A5F1C8BAEDCC0307E8EDFB3C93B5238DB2E0F1C8056683642255545E6B73EBC6A4D16CD40F01297CE3ADC0DE8AF18853421EB338178A82BD83AAE4AA84E0947804072587E0CAE1603C1C8C4B37C9FD7D0121B01C04119324B591F54C26B2A11C96D94131DAD9DFFF99D6AF2ECD5D4A1A474E9DF98D51FFF6DECE1B1CC6A99D8F4C7AB0FFFE78BC956001A08294CCA1AA1C80DABA777974FFA520EDCACC51BE33DE7BBB73F4D34154C50CC88DB9E6A9F6B3F9B0777FEB7DD18A147B2C01A3D2BB104AD0165972576DE5E3975E7DE7F7BEFA859A842133954E01002666095EB98ACBD2EFEF0E7776F677770EB2221F95655614C3D1F6707C2FAFEE8FB33D22891248BA94507AFFFEA0DFDBDDDEBE9AE7C35A80B5F68C0B3CB979F78DE1E82BCDB4BD7DFF0E4B558B8206216312AB9207D5DC832551FD1F82F73E89B5047AFCD2C784B1866678E7851101E2280616223C7174FD931F7B7CECDDFB77B636F7AE5D7EEF87ADB9F0F9CF2F2746330714949A3ACDCC24416032091B37F7AFBEBDF1CEE58DAC2870EA97A3F0D019A8F6189F1606B5E87B080C54C79D20B260A4DDEA8A25C2C9C0E579B976B4C50259C61C100195656BB07234E893F7113323883234C9F1EEDD0C3051804458D717DE85AAE4AAA432876CCC450679E6FD044215847D91678341BF2C0B5412A819C549B3394FCA5AA3D23446A232706F7FC71483B1BBE35CAF28FB544DEE65B7D3C64277E1FCFCC2C5F6C2E3A3C9ADFEFE462B3D1A4B362E3686932D1166BF3719EEC53689C44CEEBFEEC67B51EB6B47CF3F7D70ED9FDE7CE7C54F9DFB64E5891D89880F0180E2D6E2B2D1FBEC46BA594909BA41946800459100316AA79BFFEC9B2F2669F4A54F3C99C491B054455596211BE745EE7A83D1282B46D9A4371CEE1D8C7BA37CE051A54D3BDF1E8DB66FBDFBCD6E9CB53A49BB8B885A809CF39BF7EEDEBBBB9B1743C00281A7CC55AC290CB23FBC7367E7C6D9E38F1FF4B76B8119014454D6C6F49144420404F645A9B511211175FAD4E99AB9CF203E54217801D2D620C2C2D2E2FC91853FF9FEBF0834201AB41AE1E31F5FB09A0838B0A7DA6F9B010039A4DBF707EFBC73E3E68D9DBB9BBBAE28653AA13DE46E7F78C9300D76CD5307CB5AF54804D552C79F3AD1025083B16FCD27A8C1E5301E890483CAC589AE1C10E88D7B8346DA61768448866FDEF0838C04432D5241B5924C05558E45866506F908C78332CF982B11F628AC28693575B7A3458B9BF638636D5982EFEDEDB8E059DC70706BF3EE0F2B37166D35B6B49ED7444531D8DE796532E935BA1716972E1C5B7BB2D7DFDD3978A3D359CD894A54FBF7DFBC71EDCFBACDA716D3E8EEB53F0FBE73F1137FB7BBB8D8BBF5EDBDBBEF0C8607B6B1A43432D7EB5E09AC9274E5E8F1A7FB6F2D8D5924EE9868310E0131421D47E91C89DBF3E5FFFD9FFFD5F77EF8D633674E35B4146539AE8A719665AEDA1C1CDCED0D9DC4B6B5D25C38DE5DBDD4687703C2F6F56FF9DB7F7EEE3800248111C804865B77EEDDD9B8E69C070C0AB98E24419E220630308048F4B3775E3975FADCEEFE06886308224414D9A82108582B8D3E44CC47111017426EA2168A5D593E1E45495D36338B73B96764D068ECFE64E7FAFBAFBC78E5EEA73F776669215598AAD9040C01958847F0C109D8DE41F5ADBFF8C1DB6FDDF42E90D2B59291CCE4A710E130C5C947B5C87AFA25EB8655407378EC44B3DD1416988CB295958E77301989AB0880630B5AE1BD7BFD4EB7ADA8C51290405B0A1E77779899C8C06C26CACEBBAA7245C96549654165E95D85C12B944054CFE540241F4EFA99BB57B951968F0A378A1333D75C2688020A03838917D7BEA44D83018CC90F76AE66E37D4610874579755C66599EB55BF349121F3BF2D460BCED8B3EA2225FB9D19D7EDEEB6537F3E1B5F6F2F3CB473EC171E0B92FE1DDAFDF7DEF676BE7BEA6349292485B0064A0CA4BC1B5D266DAE99EEBCE9DCC0FB604359121D20A751C359AEDD377186EBCB5EB5C2E00AC30499BADF6E9CEE347CFDA44509A0D0476FBDBFB57DFF96E6FF3AF56CDBDB58EF85ACB46647BEBEED6FDEDDDDE368842B088E583E75E404033A48DE6916327BE78E1DCF3E3F1EEBBD75E2BAB6C6AF6852A8E539AA145F00151B5BED87BC781B532CC72ECD8F199581FB3705E642215D9F1EEE4478DB67CEE13C79B8D4B80ACEA396C7DE7990130B0DAD91F6CDCD9BD7A6DF3CA5B3725A080D094C7F748FC4C87B18787D6434A83F5DF68A0DA4A83889080A3A83879A643182400A10813338CC72104B206B481F13874E61BBBFB21A06266A5C446D2EBD35E0F8066E0000016CF4ED8830828A58998A6438DFA880808659E1F4CB2DDB2DACFAA031F4A1151ECABC9782F1B268DF556F74CB3B19CC46D54021C0E0E6E6C6DBF3219EFD6C057D4A094AEF29D83A2D7DF25B2D29A3BBEB8F05C6B716E98ACF87C2B40CAFE60B4FB63343A5E3C79B07D3B5D3C72EAC9AFBEBAF18D837B6F2E1C7D1E0D91C25A0FCC46A863840C90BC70D45CB9B47AF2F1416B6DE7EA8AB54D6394485EBA320E71A3B5A0A22455A63EEBACB549B39B4469B3DB763E882F2484FDDDBD49FF46CBDFECB4933280104EF26C6373736B7BCB7BC7E21010A0845A1664DA4945002BCF3DFDBB4F3CF1D5B513E792B8797070E7BFFD7FFD3F0367CC2240C6449149F1E7E825897051E44A194450A43AED051025109C2F77766F6C6DBFEBDCE4D4A9F60BCF9F4AE358D8038200310848A82BA4B282BB1BBB6FBE7EE3F6ADAD83FD210B8A68389479FBB98CD88F782FB313AB56B09DAA0EFA73A7A91555009AEBB17F80B290C918B402D218C57A3C99CCCF35DE796F12B75240501A41D3B58D3062D644B5E73A07098182535501AEE0AA44046DAD363654A5F3C1694545311A65F7B36C3784B17385A28ED67A3CBE5194BB4206E353CB8D53918D2BDFCFB39D221FA38CD368C54718FC845989C42036D2092009A9C0939D7BB7F6B7EF2E768F0806A3E69EBCF83B57DFFEC7A3A21FCD7DDA34566F6F7EBBD55F6BAC1E4F963E35DEF8095FBCA516CE845093D7039404A87CE9583C10B5E6176D9AB6C5B4DB734EB82873570D097830E8E565B03A56CAD67BDDAAB40154E9FC70328CD2B8D36CA68DCEA9936768FCAEF6A08001745956972F5F19E7631F1C08131101D622410C0888A4D756163EFD3BBFF11FAFAD3FE191D99682A1D93493C90E60400444654DACF44C000766F1582F2F0484B92CAB662B11C1A5C5A576A73BCAB6EEDE7F6730BEF9B92F5DA434BE7507D75616D344434DC9A83F5FB430651378E3CD9B3FF8DECFF6F7F695325A134D6DCF80677DEF2F1355D3E9EA8CB9A491A620290CD2B4D599134DD22422BE02A54CE56177D78780DA061D89806AB6E39D7D8FA888BD512649683281BB3BA506A50414900204961030387685E4132926CE57182A40D69A100D88781064E65A4885D9B1BB5F556580491477A274BDD55ADEDDB9E2FC26902895C6D172DA3CB1B0D016AECA7222920AA4DA984A8ACA8FCABC3FCE6E2B1DAA6AD41FBE9DB9218957AA94F2369A538BA7FF7A73FE344DEE7937D9DE78757E7171776772B0F9EA42EB2C6B94C088C03E008772342EB33E50B3D95953A8ADAABC779DA5C7964E7F7E30B82B216326521111820822785FB02B7934B4659E8D7BC6EA6A6EB1DD994F5B73739D5676404000C059961755519485D6A4EACD3C048100885A7797E79E7BE2C9DF7AF6E9AF35D225214FC81088085F7DE34542C788404864B58D1181F1C11137E32E308254554E244A2B81A0ECA408574D34F9D4175616574E90E25B37760570EDE86AA8F7D4A2CB8AF7F6865B5BC31BD737AE5CB95A3920221B27523BD272EDE8821F186BFC9B2E146424120969AA351220092101D389E3F1D2BCA9A7C8B7AE0F17969BE3110E878E4CA48C4491460A08F8EEBBA3762B41616BC0587FE53217558D5895C3555770C155DE57EC2A29F3E00AF01578E79049691D45499434404764B647935D2AF744F5999DA214C10294077BAF315704499C1E69CF3FD6E92E379BA9310AA00CAE243083C178EFE0767F74278441081317C6024AE9884244AA13F8C67B97FFE1FEC1F5F9B3FFE3A3E7BEC6552680C18D4CB51FDC285A39FBDEE53F7D6EEDE3A6B3AEA298542D09401E1C73457AA9D9384A4000A12A2B549DA4B190B6E62A574C46BDE0CBC86A420610824E082EF82CCF7BDE57DA2A5766C578DCED76EEDFBF3B3F13FD040111369A7006BC114407CD95F94F7DFE537FEBC2639FB37197AC159429F14A80D9DDB8F9328863AE8F34638C3D1C3EC223480A6176D964480A1035117CE60B8F3DF5CCBAD601512111B30F2184901F3FB51ABCAD0A77F5BD9BAFBEFADEF6CEA4288BCA1720B5F4C1E11A541E9277FBB7B91045D018F7F853C79FFBC4295DCBD50A68ADCBB575361A85616F3BA42D1D100E0E8421320AB511A520CBCBE128B5660EC16B2D5184A3096EEDD63D0B1E1678EC83F352951282AA1735BE1257B2AB24F85C40107D108FCA2C2C9E6975D77B07F7F2EC6EE9EFBAE2C0FB51F015A1512669354F1E3BF6A458EDCAC1F6F056554E7237CAF349BBD94EA2A4115B8DF3C33195D046606301A00CDE53BC2C7875FFEE2B4E5657564E487E30DF59585DBC341AEE0E47ADA2CC234C7BBBFF64F3C65F1D3BFD824A5A642227C1B3E493FB0C85B2AB07DB772A0918CAA21C66D57073F36557EE11B2364B3A5ED364C6E383627CE0DDD8FBCABB8C10443C8BAF83DB183BD9DE68CF41543FF6353E13695A02132873FCB9A77EFF57BEF8F792783EF88A8C123994CF43E6301EEFF70E367CA8004944296550110B03521DA60FB00C0065557AF156A5801425FCF413A78C46C288399020B32EF20A00477DF9EE37BF73F5DD5BDE0103D7622F8AB4B03CEA39253FDF601A0E496972884D13010463284AFD854B27BEF0FC7369D32089AE890FC86171393FB6D606E0C9488623B77A34DDD99351E6498936368EB5733E69981BB7ABB469C053148B4EE0E646E8E774A84F52832E023307E080DE719E15AE92E0C907081E4430705EBA5E5EED23E83459426DD2782EB58DE158E501C15400444A0B50E1F66F6EFCB8E281770E5910D0A308A2ABC6719CA449D3E8647E6191C1FAE0CB6238C998946E764E1FDCFF41C5F6F8855F09187AC33B93C926620EA2B56EC5D172D49D6B2D7CECFEDD9F69DB64C6CA8FC9CC19B3E287B79C2FE656CFEF1F8C82D224E3AAF2A28F08AC51320F5AB46DC6B66923C3017D9E2556698D12425596653572AEF0C28E1D572188670644021052A44823B819ADC43CFDD46FFFC6AFFE7DA5220101AD59041FC8250980DFDDBB3EE86F000601A5541CC58DE9BE79A62C54835E0404854B57B0B0B1914878E2A9D39106100664409AE4E1DEDDFDCD8D7D0EF047FFBF6F4C26631205084034C3980B3CB23DFF6573DF4C6617ADA5A327E79E7AEEC489534BAD5693480942F04AD7E3084DD5F9B336895180868310C53ACBB0DF732EF8666CAC92C8509657A18A44D0F9AA11E9382546BC7B5F571CCC74D1082010188357BE6276E04B6607EC810343604241221631C622758B6A34296E5721136060275C69DBD12AD2DA946E525639303A1F881A71C4048CE02BF6014429E4E086A33DE77322204564E792687D79E52C31417EEFCE953F3C7AF2AB4B473F5716BB7B7BD7AB6A58F93DF69CD885B5F54F2DAD3EF5DC27FEDE8BDFFFAFAA2C4B9A4726794E9C19CA341481F5FA892FA62BCF384294BB37553CB774AABB7C44A824831A02B01361151B6FF5C1EEED221F12296DD01A9BA6B1B10D50267837281BB5822C124E9D0F4584055100FD8D5B9707E39DC5B9539E991485E091B1B659AD91443B3B6F16C50E002A8C92B84975472D1FC05408083B57545549CA68659D2F3EF9E9671809427AE3DAED975F7B6F6B6B301E4CFA074340CCB26C2A2B0287DA493FFF587A04D1F8C19C57FFA60DAC1FED7CE1F96756D75B69D3D6093AB0DADFCEFFE2CF7FA49522016E24F9E9D38B1E98190643BFB8128F87321C7AD4A208AD0DF9C4B5E71AF7B69DF75E693146E298C6B9ECF79C021299DA8B080006AC725DE6AEC8435501A1D10AC80402F095E7C046C58A35FBC021387602C2415034A0B5716A4C63BEBBEA5C303AC98A629CED947EDFF9810BB9F3A3CABB20620D055F399F0B5420829CCEAF9E69B44EA7ED790B93EBB7FEC8E8319A7434DC1DF6AEE5C500B5B73A250A28E3ED7BDF1D0EDF595F3D7FE9D2C7F777B646858EA205578D7ABDF770F24E56861CCBECE00D5256CADB3AD2FBFDDDBDC94BA5AB097D23C03112303B9F5754B2E72C042B54D460CE249D034CD23435C6FA2A306B9A4A9504865ACB1310617575F98DB75EFCD2674F3304005FC357EA99360BB3CBDF7DFBBB0015B1D136312641A11995FCC1BD4521E6501403666FE3A636711261A4BBAFBCBAF9E31F5DDEDEDE1764C4A9CEA4D253AF83591DF56073FDA1A0C11996FD905EF4E0301311C010A7EECC63C73EFDD92797579A368A448043A8AA70D02FBFFFBD9FFEEC072FE7935CA3120077E9C9D4581FBC091E46E3A23517EDEF31074C12AB8DD858E5B90388EF6E08296D0CA4091A23575E73456001D4D33782ECD917BEC879320E931157A5B88A999190B4061429398897BCEC4F8A9D8A07793104046B0D910DA13AE86D16EEE0CE966D378FCDB58F02050783DE6823CBFB8421F018412965CA20C24C8448910846710B607B7F77777FCBFBC99DADCD97AC393919DCE9AE3CDD587B164235CEB60B97059771702C18727FE7EA9B20E564B2BBD83D3BDF7DAA72A37BF7DF73EE0D65ECBDAD1BA5DC4BE24ED3E42C0BCDC669DDEC828E00354D4D3A94565A0485456B1FAAB0BFBB39E9DD03DF2FAB6180D2B95287D14282356D411119634A57F054FD435AADAED19DCDADB7D756CF20D668CD19180A61B7F7CEFDDDAB220A31B6514A44D3F9E5A3490B009CAF9C0B882A8E52667125FCA3FFE64F47A3513D96E4D94AD33967AD857FDB4BE081603840ED2EB57AB47BF1D2FAF94B4717169B4848645D8051BFBCF2E68DF7DFBD7AFDBD8DF13057D6763A73BAF4BC3C87A78FC5C8C0C2798E48669285D10894D146A38E42006874E3ADFBE02B8E628C0C3562DAEBE1D69603D434FD716160F40E5D49C3A11FF48BB2E0E050820216091E001461645529B984C0CE70B0BEE2BCDA062C38786620D49ADA49DA1D0E76FBBDEDA43137BF72EAC4F163226C75EC43BEB77B3DCBEE230445C41C9C7722E2BCB8C17D42954A7577FBF2C2E29756564EDFBCF512D86E55F686BD2BBEE8B3596CCF9FB2F17C44AD104A578ECB6238F6BCBBFDBE3647E7E68F9F39F57BEFEE7DD7262BA1C2386A862214C5A64E979B73A729B23A2222020A42B5CB75AD5D01806252586E9CCDBB73A39D1B835B779572A47508D6D7EEA130E5693C04FBE6F1A4FF85CF7CE6F2951F2F2DAD6B8C1F8E1744F9E96BDF28AA0162886C52BB32D742ED38D511995E21B8F17828AC11496BCBCC0C381E6788AA16A6ABC92CC2523FD91F2E921E1192F9C87C27C40C483E7076FED2F14F7EE6C995759BC629821266143B19AB6F7FFB47AFFEECF2FEEE01B3A449DA9E9F436510955641CE9CE476A3E668C2A01F3A9D743C0EDE41DC106D5CB319875029ADAE5F1DC5B1D15AE2443082F7DE71855840AEF9D9CC10021479181DC8DE7659E4E27DCD66E21AA4562BEF69A52869371BDD10A03F3C188C360793B8747D3064F54A67EE48ABD3DDDD7D1B298DA3D5F9957371632E1FEFE7D56E64924E6BDD464B83D15696F79C2B38541109212BA80851D8F7765FD5F644D27EA680D2BBE1D6D5AF57F9584C33691E6BCD9F37E982B2EDC8468063F6695A34DAADF4DAFB7F598DAEEE17A3F9561960D459F9E2F2D15F1BBB71A8F2DE9D574445BDED773AED13D04A6D12D565C454F917506954CA38E76C1CE9A59546AB813AEAF7B6BC0BA6EA3B7FB99E2F2061145918CE885322FBFB5B08B4BE7EFCFEF69DF5D5C791A6934804C9F2FDABD75E12416BE6D246F36104F4C3721D025CB9093311296B0DA2AAED201F20A0E9B04A62003CDC05FD828A6A1A6F87B1862C20699396D792E7BFFC85F5A3F3A4EB5726E7656F7B7CF5BDCDEFFDC5CF0E7607DA6092749224ADBD966A85149D1A7FFC684A8A39A8F19847A3CAC466380C1481D12AB1106B1894F9CE8E55DA2261A4A199D060843BDB00AC009420330776BAC8A0B70FFBF7AB71BF0A4C80882C46B1ADE5B79144C43103280E5CBA9C0C76E6571BEDF9CA179E43922C0886CDADF7F2FCC0DA36593EE8BFE5F7C55513249C644DA25B8A7C33ED34974F926D9759D93FD89CE45BA37CA8C230541BBBBDADE5A58F1FF4DFE0FDA1E382C12E1EFB4ABBBB6ED30895C9F2FD71FFC6B0184DC6FB957782643156BADDEF6FCD2F2D0EC7D787C3AD336B5F5B3D72A402574EC6BDBBD46E3D36D8BF3719F6D2B9D5D6FC5ADA68A141323475AA2244644535AD41A966EBE8E31F5FAACA625C66DB5BE5BD9F0419D4CF93D67A76E708047AFB778A6294C673DB7B7758CA9AA4814220F2FEBB2F4E46B7354671D40044A8470C1F8C04767E5255559AA6DE97C61804C50C441AF08366D522A09442C207B3F10F93D41EA218423D31A76AFD58E3CCD9B5F3174E2CAFCC2945200C9E26E3F0EEBB77DEBF76F3DDCBEF0DFBE3C8B41ADDB6B5B696B19C45BD00825E599B2C2E76903138DCDDCE9BED647F1FCB4AE204A208DA2DB5BB3D9C5F69DCD9A8B451001C59134774EF0E4F326108C2C800E275368641AFDCDBCE8B1187808139B0108B493429642FF54A9C014208CC2EB087A90787E9763A26498B72321A0FE3B84B64F3727F677F53ABA4DD5E5D593AC9900D873B7BBDAB45B1AD206EB496E6974ECECD9D3971F6535591ED6FDF1CECFEC5FEC1A0999E722E90C2541FD529379A684DD5DF7B6B34BAE57C164003264AB5B46EA74982A44235145C3AE8BFE7F056D32C78576CEFDDCFDEF9F1F2D2DAD242A70CF2DC735FEDF58BAAC883C2F1682C4C4933D1462342BD063BCC324428A0103152A9318D24ED4CDC63CCAF11781089E3784AD60200C0C9E46092ED2D2F3D7973E31D960C42521F5A21E4EF5FFD114815D9B6992E701E497FB3580995CBD246CBE86430288DB16559596367145241426161A965C9E0B02DFD7967D6B4A1AFEB3C1D1657CC67BFF4DC89D3CB8D2455A49000581713F5D3975EFEE1F75F19EC0C5004A2B8D15AB42622D00F05EB0C4C2BA03FF9F1C5587B12BBB55BEAC830A8D1302880C4AA2862A54930540E9CB382A22DA52D440B37363D030A0A330647F9C8F50E7C6F2FAF0AA829D55223691948500101041F58A8B641441025A8020802691323DAC9B8184D4636B28BF3470518F10C29DB48DB4599ED1D6C6CEDBD5B967D00D3E97C425B351EDFD9B87DBD7FE0D78EA9346AAEAE2DE4A3EEFCCAAF962C84B92F8393C249B87BEF4ADC1880B4958950A7265A485BAB896D0387B2E88FC7F70158258B47BAC7020F0C4B6C4F2CCC5F60D4DB776FF677738034A8C6D2FA115756A3F150AB8410AB49865CC68DC4C611220B616001A0A9A7090B0708021E299805978B410184246E102A9620224440E0F777EFACCC5F6CB7DAA36CA7D338298C817967E7C6FD9D771536E238554AD57E10334ECDB4304284B2CCCE9D3FD14816DF7CE35D630C027A5FA48DB64C3DE567B408010171CE69AD3F4A83E850510D048454E8749AF38BFAE39FBD74FEE2D1CA57209605FBA3627090BFFEF27BAFFCE4AD516FAC55646C234963D291A03A7403955968D6C125087A753902C7FD7E1918D266B4731FCAC2B71A1C594E53351995C78E77DF7D975D60AD214A54D2845E1FF67B9ED188A83287C9C88F07D5B0EF5D853E307BAE952009482118D28418C42B45B5B9873004006685408A9059B2BC74ECD3A495A4511C47A45459B92CCFF77B7B952F58F4D2DC45A5294D169C2FEFEEFC5461D268AC443ADABBFB469EDFAACADBB139B7B4FAE938E9204D0E0EEE956162CB35EE5F69358E1334811880C86829F787F90E8036A6B9B0FA449ACE838951A2AD5B7F32D8F98EB2CB5EC057058A998CB7BB9D933B77FB8D96345BADB9EE8A084C06C3C970D03BC86C9C743AEDA811DB385646211122D45B2D561C445051A1BA65E574042292A68D5A32BE3E5090F8FEBD3B4F5DE2E5C5B5177FFC17BFFAC211044D18DEBBFEC3C168AF997695B632ABB01FC6D88B4808A13B6FBEFC958F7DEFDBEF38E7D2A41102C771040F5B0003D63CCB7AC71E45317C64EDCE0AD00395A74EAF5EB874ECF8F1B5EE42AC2C54AEE2403BF7FB6FBEFEDEFBEF6EDCDDDC772E18655AAD796BA2A9B59DCC8CEC1E1ED3E38301AB56C001686777B07C74693884D1C011818D485BD15687104C8477B7C671A36915346244C4977EDA771C979EAB5CB2114E86A1CC317862A9C58C1F3C12A49034D61E02B59B30225633055FC0BA1A0C4AE9B499A6CD863134E88F4793615955CE55A044243043BBBD9436E22C736555CE75CE1AB4C157E3E181122EB3F17CFB79D359E8655731B7EDF6D1D5234F456962AD7FE3D582AB49C5638DCC5E5C4EDA46364ADBADC556672E773818DE28B2613921F0F968FFEEEAB15F235C20725AA9E1E8CEFCD229E0B8C88A7C925B6BD7D756BB4757C7137B6FE76E9697D5415F0DE2CE5CB7D94E6C24CA1A521A2920120BC7A27D63C5EF291412F071641441905AA905587CAF7F1F811A51CB90994C7ACDC602D0E4D5D7BFA99436268619E417F191F50AA228E5FE83FFE0779B1D53941529434A7BEF221BC36C697C7872D481C5C2440F2BEE4DABA0C0A536F9C54B27BFF0A567DB5DADAD57D444D122B4B3B5FB97DFF8E13B57EE9445464A19D34CDA4D2245A01EBCC42F1AD00B00E8E0B1ACA4D96E8700C30117392A43CAA28D035268B4D5F5EB4E4709224411A4563637E0DE8E7582E3D265232933ED7208057A27B55EDF74ACAB402118C548BED67D24AA77BD8208DA6AA50DB38888226522A33495AE988CA5C89D5646372C221665C1C2699AD8242AF249594D92B801D024D0D6A8E585A59DADB78FA59F4A1A8B852F54B25E79371C8F46D99D4E6B656965EEF4992FEC6F5C4BBAC70F061B555528C1CA9565E9EE4DDEE22D56B8A8485BD5E8C4F345B94F606CB31D28105A4D31A9B8BB789139622E994328F38D5B37A2563CB73A77EADC99A2C827930CC01299E0C9131BEB950AF5E2851050BC4DE658A508158102641B992A2B66D4401E8C774480505F3AF754BFB79BA6CD9FFCEC4FCBA2D76CA540349BB1133C3CA01420C5BFF5DB5F583FD2DCDB1F647969A2A47E8E9552FCD0BE4F1E54E375844DA56805207020EDE6E79263278F3EFDECD9F5F565A5556D7CB1B73FB8757DE7F597DFBA71F5AE6730916D341650D77A0B2408E1212F2A647CA8497D34A650667CDC3C6863B34C067DF042ED848D854E57E7996FB4CC8D6B854923453E4940597DF3A6732ECA3D8F075266E24A7605B30BC187E0EB0C8880A0089218DB0D431442051C546006092260ADF22C586B7903300516A95CC550C50DDD5DB0A46C594836A904C04611221679E13C371B9D3889095470E879FFD6AD5731A4739D255066BEB512208CC6A34A1C2A638C1AF4F67D95E7D5682169ABE41220F50EEEC9F0C07B89E325102608B5255F08AE1CDF493A8F6B7B346A746CD486B0EBFCBCABB4E3118028A5A3344620461A4D4A15D1DC72B4A86D9E57D9C4219089DCDA7AD26A114C533D82A8AC31FFC6550B3844D02CD06834C793512D5F8000E361CF79471657D68EBDF9E6E5A4A57EFCD3AF5BAB6B27D569D5CE003369E5201E597DE673979E7AE614127B17985929155C15193B3D9F1E9069E5306F12221230306040AACE3DB6FED885B563C7571797DACC82405509D7AE6EBDF9FA7B77EEDCDFDF1EA190B5EDC444A45050986692101F6A210EC31D1EE934678EAA0230C94A403399A8E13860AC751CD2A60654CE8DB6EE3B6D9A283E8DA491707F62EE6C87AC725941A1400C8AA6A67E08A29019C2614980841C25A8C1A834D25A81609E57A5AB045844855093D180019829B13669A77122D652EFA02A87556031C6BACA79CFDAD2D252278A1A4539190DA4CC7637B6BE1F472BF38B17B53649D260E6F17097858D8A01A92A0A63E246B25AB56E6FDD7FAD3BFF441C2F9C3CFEA4B654FA6A7FD01B1CEC857C20AEF4C1A14CB2F2E0D463FF4EDC3A2BE0C7F9381FBE27D4B4A61D994A25DA5A0B40711C47CD1037ABC51515378BF65CA46D32EECBA8AFA2849E79726E711E03435972E543EE09CE9DBEF6FD1334DA0F080CB0B4B0BABBB3CDE0EBB2BA2AF7B26A949826A08D52FDEAEBDF6198241181C8D4B29B050E2B6285CCBA99765E78E1490D8280F904B3CCD5303CA5D5214C991F7596F3DE6B6D1188B45F3FD9F9D20B4F1F3BBA444A049C308FFAF8FA6B6F7FF7DBDF1F8DB210D0E8B4D9EC8220A112440112923A27CFDAC6476BB487CAFF0F5F9A3D14394689EAF741509258A248E218EEDDDD3F766C7EEB4A494A146114696BF4E577FDEE9E644E15CE03D7A9CD21001131781051845A21302B2569831BAD228D482B850AA2C82062E5B0C84D965155F91AFFE13CE4654062F65015A62A389F3810D48ABC302989234AD214047B07235F85BC18EC1DBCD64ECFCE75CF911563A3AA0A4559689DC6BA4D1A4D6C42E0E0B92C0A5273E3FC66545493C93D33895BAD4EDC4A16E617E7E716F37C9C6799094D9FDF1A8D1774F3A2231729BB629BDB859D3BF6F8E27C076D29AA8C536C757865BD5A5A8AE616E2B4095AB71422120D7A7E3CAA984D847970A88DE894DBAA36B9568BE74FEEBFFCAE408E88699A10690EA19E4E79190E465B717A1A4965C59DB7DFFF4BAB0D1D527C0FFB2C1011F02EFED8337F2352986559BAA85C853F7DE95A7034C504D61E3BC28F8EB0A416764F123872C27EE9F94F9E3AB90C442C7A3428EFDCDA7DFBF2ADB7DF7E7F6FAF9736EDF193471A8DB9F1A89C6479A86685180499C5F64701691E9ED63EF417D3E681F5AD9B659CDA2CF7E3096BA28420D602828D86CDF250164A021B8B71C4935CDE7E0F8A8A5C09EC2578615779E7836714440254C16A151984C049645697F5F1533AB25E1BA3B4365698B92C38CF55594AF02A30BA205929D904F3125C4965E144C8280B963D8842085E6B521C1C33D89815F6B7EFBFBFD03C17E9A3884A3064B963E1246DD8C80048E9AA3C2B8B32176645A63BF78477A522108911F464526585438256B3159966B4D0C0D0ECDDF9D15CFB78D48E231329B2B1EAC92EADAF1F4D9A5567818EACB7568F9866DB5A4BC60A8217F05AB3268A4C586D1BD206098C062208C00142CDD575CE3EFDE98FFDD177FEA4D3050584044AE9107CDDBE896459DE63EFEE6E5E7EFBED6F2BF18400533ABA1C0E1B45A0991C3D7DEEB3DD85B5C8C0FDDD37E7173AF7EFF5DFBE721D4107C726B65C1F72B3FCF7A04193C01CCE5D5CFFCAD73EB6B8D006D193315FBD7AF3272FBFBA79E3FEB09791C14B4F9CFDFC979E9C5F5CDCD99D5CBBBDB17D7FEFFEAD81268BE004C24C2FF9E75F33D108AE65B9050159697FFEE28A5E5A894B07BBBB549645BB0371E45B4D5596E395B5E62B3F16EF05B130964C64DE7FCFED1D543E08079AA992009128438844567110ADA4958802152712C55E91D65AB40E514226765AB132A40C1229A5AC733EAFFC70ECF38C86E3301E846C8493B12B32545A0B5907EC9D13EF8C822851A4C3EB3FBD767CE5D3792EA4AC103BCF88D46EB788A8AA7C9E1755E545C8E8968E288E13F6A1C80C5096C4CB82C1185D55A50F2E547DD4645BC97C37AFFCE6F18B5F4A97B11A7A11C88ADD95F5A59593A3F31716578FA4A90D882552992689B51227CA6805E035B142AAE5E64050500481417B412FE81DEEEF49AB7D7A38A2761B0583522A8AE2AA2A6B897686D0EBED78FFD25F7CF7FF4158283035740F0564DAC16B615C5A7EFA339FFE77E716BA57DE7BD544EAC6AD5B4F3DFE991FFDE027C141404F884AA907E3AB470E1414518F5D58FAFD3FF83208388777AE1FFC8B7FFE8D8D5B9B8CA83049A2EEEAB1EE6FFCD6E7E617E727599EA4D5AF3CFF84737CF98DEB7FF5ED370C45F5FB9C5170E4B0D39C46D4C3431010C1292DADD1F69FFFE2C5A79F39AB01ABC9281A0EBC52642CE8A8D2A6E9831D8CF0A0374AD3486B6B2C948E2EBF3F76A28505D06945355E4C82952020E42BC7EC948576D7CC754CBBA39B2D6CB6541C6B1B4914A1D2C618B49125ED518B568AC802A267C80B9EE46138F4836118F4B077E007072E2BBC0EBA98008BF6AEDCDDDFDA1F0E8E9F782E54640D84002292588B84CE5755E984896A8D130145DA18956593B22CE7178E8D8B5B9D2505DCCAB209112626569A4CA4551C95F9DEDE7E79FA99E371BB69BA6855F5CACFDEFFEAAF7DE1C98FAFCF77258A5DC3521A374DC44ACFE4CA0400341E428485A7E0704101A81C0DC7B2B71BF60ECAAC32BAB914648F4008298AEC680453C910D457AE7C27F0D8A800A0EB4963FDCC0B8B2001A956F3B1E7BFF4EFA78D050077F6D4136FBFF3936136B875FBFEB51B5B60484FCD251F32733AAC7E104158307CF5AB5F2409598E2FFDF08D6F7CFD8755E989749C4471D4B4B671F2FCB247B87CF9CD8F7FE2D2E2C20A1004862F7EE97C3119FEE407D709232006A24791D01F0ADF5AD813ABB9A5E4D4D985E75FF8449C44C107ED4B351A485172941A632549631F02215C7E6DD268A5201C2718C778E78EDBD94726A78C0104F11838B00FB561A2B5621405AF1AA9743BB6D3E54683D294A208B51163442B54444693261064558BC92B208488A091E21C89672CBCCD723DEC57C31EECEE565901E39EBA7BBB77EDFD9BADE6F2CAD1F30811B2071654AC0148691F9CD618C7B17754E45E11D76B903CCFB496B9B96E9A2C5FBBB191BB3D2D47ACB54912033291288DA8C3EEE6DBEBC79F88D2660885B1083078E663472F3DD75A5B0FF32D13452A56A208A67E8582B3499D288430D580AE6F27960E4663D83908BD9E9F945C3A41D5BAF8E417B6AFFD73A505518C39DCD228C46834BC6DACC25A0C68760E0000806D44EB8F3FF9D93CD7AD5687C58960641A17CF7DE2D537AEBCF4C3ABC3518E4A9E7CEAF47B6FDFAA77CC8FA6A7E91FE3D4349A5682FAE18BAFFCE5377E5496DE98284E1A268A1122C7C5134F5D3AE8F79EFDF885A9ED65CDF484F0D453975EFAFE3552BF8CC586029076573DF7E9274F9D5D9E5F48B591C0A57346E7050D460E44128349C4ADB6C9C660229D6798A6A414D78B9DEB772625A3AA15AD8459800894414540408A7470C17B320856A15560352A028542244A11116A0B4A23121091AA4B32AC859C0515285456AB38C26E0BD797E310603294FEBEBFF266FFC6B5777FEF6F7F2E2BED6E3F0C0EAA6A12872021842267066E458935B177611C1C732045F56AC546B6D56A9679D5EB67265ABAB771FDC491F52869566EAC28C40D93C4B1B1E5EB3F7AF7855FFD83B45936E7DC638F756F5D7BFF777EE78B492BC491328844338FE1A9FBC84C62180E4B200880C1ABC2C3DE01ECEE8751E68B52BC401015884E3DF5F11B57FEC46842C085F9C5BDBD5EE92B1BA549DC515ACDE63E08008CC20256ADACAF7DEC339FFE8AB2F0DAE59F0A044125201C8236C95CE7B11FBEF81212CC2FDACF7DF6E29D9B1B797138EBE69A798C222C82884BCB9D24D14515DE7AF36699BB286A2669C3D838008060A3619482C5B996A250FBD0202A006466118BA4E1100E850FE0A6B384080CA814C46975F6FCD2975EF864DA5282288879863B77067FF6CFBFA3C7131EE73EB2646D481271A5040E7B5B3E4E0C3347312789EAF5F0FEBE060A101044A8761EE5DA720F008008006B782D28040426E45A704613A8A90CB8AF2B3C45B501A24CB1D7C48848F5481A4504488916BCB7956DDFED1F5DC7FFF83FF96AE9426FE47B7DDEDBC7FD1D1A0D5C315693B12E4B16C1C9247795774E94AEE5901035B0707F30242154BADD3D9A4FF69CCFA55271AC9AED384E4CF0E1FEFDF74E9C5C38F7843D76924E9C5E4C2DCEC7C796E708CC8C0331ED8B66807E98422C45EAB910324056D2FE7ED8EB85D1185CD0552027CC822CC2E893F553399B391410AFB48992B66231D6126A399C370A20227B7BF4C8B3972E3CBFBE764169E5785094651001C0500BB2839B14074804E29F7CF2D8DA4AB3D14CF2A2388CF27AE907D32780E7E61A5A4B59C97058A6511A355A4AD796D224C29D4E63BEDB62F622A580124110E53D6FDCDD7DF9A737030011CFECB91E5221A997D954CC2FB4CE5E38F6D433273AF391D628E07D65EF6DF65FF9E9BB575E792F1BE67AFFC04BC0B4A59284D39476B67B6B27BAD7AF23B3D788498C3A36B7DEE7498E8A885805420EB56452FD8275440BA2108152F5072289524284A48448148142244222510AA9B60F404012A25A0347702A0A26C1C15B6F6EB693D5A73F359FB61593B0D0E2A20D1C0DCB301AC3A86F0F76AAFE811F0ED4DE0E6FDD1BE77919420490984807F6CC9E9010883D02A0827465E9DCA4EA9D38DAD65A33575951260DC8AB8D7FEF3FFCB5A73EB1B0D8898CC63CAF2E5C5A51E64114D52A4C208A0408A66640D37E5A302B71349183BE3FE85559093E18CF81816B749AAF3C088B6E2FAE5F08A3F787BDE1DEFE81D6919A4D860540800134B36A369656BA473FFDE9DFE9B4D740480010555916225CCBFC0308D1E8F25BDF0782562BFEDCE72F69ED97573ADBDB63A5F443B9695A625765D56AB7B4D1E34995E793386921A93A4D2291086A63A2284234020523321307BC7D73EFB5D7AEF70F4A96C05C2B00CE6422843C833255ABADBFF0FC274E3EB69EB615511051101AC35EF59D6FFEE8BDCBB70EF67B46D966ABADFB438834C6119928A0E0D25272D0E3C9D81BABA388D20880F1D6AD5C21022B60551BBE0923B3A0B0605D752A24210A48828A9058293DDD0410108922A9BDF554BDB89A06D94C5609674C6C141220454F3F7BCC1810560CA2EA16874044A2C8CC37C12DF9E2048E27321A4A6F1777773B07FBB2B3CD7B3B5C96A1AAB0CC4802088A0B15006AA1B4D98E543304529A3BF3B2763C5A582ECF9D39F5A9CF1D6D7522C580007112D5B8509C4A304259082930AA3660F2530B3D20EF75BFCFBBFB6E34A1C243518917E52584C0B5515E60CD8CC2E2F35C479D775EBE2EBE56A34664100466042465DA6963E5F891279EBAF4A5CDADED2014444042BD144302E6205207A27BF9D56F16C54164F5AFFEFAA71AA901AE4E3FB67EF9F2E607CAE97A33ECBC0F1C4440BCD71A04A7865D8220CC001442180C0622A1B340DEEBA284F7DEBDF6EEDBF741D468582220D665FB6C3E6A63EEB6CDB39FBC78F1D2A966ABE16512422962FBFBE56B3F7BFB07DFF9F1789C298CE3B811452911690998B4308A39496832C91757D2D75E2F8C8E08431C43D2A0ABD7DC684428022C1202334C3D2AA63FFFD9FA0BA69AA38A94528008A440695424B5814ACD57A9F9DB34F56DAA5D861FB4AE873B578553B0E6943135754E905A359E481BA39ACD7879098A239495928D79FFC0EDEF869D9DB0BF2B07BB988DA4AAB8CC9188D234B67168CF537721D2111F3D191D3FA1EEDFEA458BA989A2A200E4997619020AB0074060861BD7F2CD8DFBA4AAE595B923479603E98C4110F34C464376A5784F9ED1B3151609DE05CF0181B9980CB6376EDDB9F2E6CEB51FDCDB78034148C788BE1E360A7BCFCCAC3EF5F4DFBC78FEF351D400802347D4E6F69D4E6779367A2444F4BE52CA0042AF77E7E68D57B552691A1F3F355FB3958F1D5D7B742E393DB1380411C826459D43E7E63AA361EDFE3695D94790DEC1A02838CB2641ECC6DD9D9B37EE0F47B93006170683815666E62A16740C179E3C71FACCC2B163F3AD560A40CCE22A73EBD6FEDB6F6CBE7FF5E6EEF6BEA1A8D558542A52A4EA72545B121B8932214DA3D158EFEC5396619AB2319234A16078E58DBE97960FCC2C4158426D0B0422A2810808A55228A2407C0DADD444585B9CD5F86B446250B5515D6004252230F5156624F590958AC70738119E3E2B35A3C4310820338A401074016B4FBCE0C57924A0B956D2882449CAF65CB5B0E29D6BF4F75C3E0E80185410E023C79338CED32677DB0D29F437BFF993DFFCBD5FBBBE31523543EB503F14042188506085A95D387E646FB7F847FFF89F6FDEBCDB8C6561A1B9B076EAF8F1C7BADD23264941840543A0E08AB2980C46BBD7AE5EDEBAF9FECEF537C2E45EC8339432027010830294201CB22CAFFC3040D0366EB7E76D94B02000DB4855D51880EB225A580B80F3B952B104BE79F3676EBC6B24AE4A934F2A6C4520D46E1B63A436B807A9D5D0020078EFE338DEDF1B15B9B3112EAFCE8F47FDFAC19D0EF4314C327EF17B6F8EC6A3344D4A5FD5EE29DE55F737F7351904E3AB7C7E31F9D8272F9C39BFDCEEA65A2B42F02C45E92FBF7EEB951F5D39D8DA1B8F0B30A61977A3380144795034828E131FC7D868E9E0857478F3F5FD24991329A2C84631DEB889D9B8E920F8C02170F0C28ED8F3540259B07622F79507C6E048214D46620DD5B412450A0045028B6746A550694061A591BC160121F41464869B9DD9D9D6099285E5D023BD3653E1DAAC9C113579CFDE8B0FC2AC6A99F300D2E9DAB4A9D7D76052F06811D8310316012779B9B8C8C78E359506ABF5F6BDBD7653AFAC346B84273CE4708C804806A01E3B064A7DD46AFCC17FF80737AF6EBDF3FA6B3F7BF11BC58FBEE587BDC00C069BAD661CA5655195D9B8AA0AE480C024480C257A153544E6A3E61C163B0DDD8F23DB68346FDFBE930D32010AAC2B57056600AA4F7D6DC87BA77026E08EC1F9228AA474FD9BB72E57C12FAF3EDDEC7476770F8E2D2F2B406BF4F2F2E2BDBB8347C1C6E2BC6F44D1C17E3FCFCB4EBBB1B6B672F37A1F0FD7DAD3E440776E6FB7BBF1241B03AAC0E45946C391886BB6A285C5E4A9671F3FFBD85A9CB20000E9AA08C37E79EDDD83B75E7FEFC6D55B24428AE266238A13ADAD0085C053D54A0044D0511299C8A50DBDB79B27A9F5DE6B2B91C6769349CC9D8DA208E8BC549ED983AB982B962021080796E080456B401053CF12C0E55912C788C4CAA0B3A09D020AA066910144C80C75814575E74828309535A0E989853574A96E761800A4A6A84F17176C2274CE0320B3040E32A506CBB47316189761D8F1ED8625A526399565746CCDC4169050027DF3CF5EFA83BFF5FCCA321224F088922800401010028F123C960E0E0E640461E5F8DADCFA91675EF8B5FB7736773737B7B76E67BDFDF170506403D1B98DC50A006A1BC5ADB92548E7308AE3C65C235D6DB48EEC5DBBBCFFEEFFA5DB70883837D7EAF577046BB86905C238B5FC2263D424EFB59205400264400EDE09CBD6FD7727E33D65E69E79EE5776B6B7DE79EBC5671F5F64C4E0CB13C797EF6EF6013C4C29FC103C6BA584251B5557DFDFFEC4A71E3B77FED8E5376F8C070C002C41506A50759E973682CE5C6B92E7595E90D527CEACAC2C364E1C5F5E5B9FD3A6021008B6D71BDFBEB375EBC6F6B577EE6CDFEF2924A59489221D27355B29C8744B8D33BA18B3E828A138C1AA20A5F9FEBD5261C41CA2C82431F6877C673B94539325081E384C0F8DBA0D440252815448933832C655551C73D2F0691392262529A40D8A12B0B15286498131A48D021254A235684D804087A0A319287C4A55C01965F7517595BA9D22F2124D91BB322560124C313B8800C30CA28417DA5669DD1BB0737A71BE6E9FE4EA3BDB4F5C387BE654B72613CF668AD3F28E91024010A82A1CF665FFA0188DB1F2860511254AA2E38F9D5D3972E2BCFFECB8E0D2852A705539F0B53A20816865E3029530ABC0554EBD7DB00B8B83E21F759B7B0010451191AA4D097D702CA24440207804A071B6DF4CE61040C003F8C050FA9D1FFDE48F01F8E2852F2E2D9C39D8EBDFDBACBD2318411616DB32AB24EA993B7320A5100198FEEADB6F3EF9D4C5E5B5C6F3BFF2F89FFDE92BC03160ED5F2F5AEBA2280E0E0679395A3FBAF8F14F9D3F7A6C314DB5B1603061A67C98EC6CE76FBC7AF9BD77DF1B0D725F51006FB5D1D6C67182A4041E922799ED28993904AF94D2D640DA50B7AE6F9D3DB772F57D470A89AA24B651C3BEFF665539D2808C608D66AA7B3FAECDF4104011C431C631464683609E43A361E697E2854549228C2232116A03B145D2680C6983DA1029C27A248120505BEE4C2FA287E2675A6C4EABEA07CB550000121144FD1016F690F834758F8834448AB422ADC8E829FF8C8183E7B7DFBEFEDCC7CF210AC80C2D0D005823C3D0792A18B28C7776C36050F92A305B01F0019C87D2070EE29D78CF004C2856C746374280C02282C10133018B2B42BFCF8303EF4A8E34B5D69F2CB2EF26168CB5D6C679990973600610E650EBBF2AB2C1952224505B2A531445AFBCFCF532EFB79BABA74E3D870AE7E617F60E56B7B627ABCB2911B73B268E6D55F9E94F4838305BAB051811F39C7FFCA3B73EFFC2A98B4F1C514A5EFED915E7A69E61C6D8C5A5E5E327578F9F5C271D4849103D1A567B5BF9FECEBDCDDBDB972F5F1B0E2608183868434923D5D6D66E85B362454498008459042AEFBD0F4A29630C91D2C6B2CBF5DADADCB027592EB1E538863809790ED7AEE7C2066A475EE1DA3686104021002A42ADC41826126D1084B00C4A9336A28D188D468B56608C9A0EB7A806EFF05451596ABEDB348EEADF091FA64FE2431A02F2005C3B3BD43E72C5509F6184A808B452B559BCD635C30A88D4785CA5496375B54DA80F155E6A3864105579188CE0FE7E3199485980F78A987C8020523928AB5054CC2C1C80191D930BC4C29EC107F2419C0B1C403C3A076511F23130BBEE3C5F7AAE5AFECAEFFC7FFEF7DF8E14186D93A4919799D63A3211331371BDE1B3363D38E8D7502C22640E07FD8DCDBB5748924BE7BFD26C2F3257268AD3E6EADBEFBDB7B2724EC437DBB6D94AF7F74675C11042C0D98618118C32AFBEFCCEF153F3C74EB6CF5D5A3B717A2104AE4B10AD74ED6CE29DECDF9FDCB8717773B37FB0DF3BD8DE29F2DC071254465B6B62D48A142111A282438E17308710820FCE55DE11296BA3FA30AE5F5D379B30EC954B2BE6273FC9922855E09AA969A4FA8DB77C59D9DAD88219582004A9952AEB13866AD52F14A541A97A171A10849049212941126D8CD248C4F544B4361EA243C9D3BA4D99FE1880A616C70F22E6E1F32BC02F7BD55F9C1429454804C0D69256503799FD033C7566CD460A00EBAD85003280F39015B87F20FD6151B2E465081E006C102A1DE7A5CF4BF61E3C8B485D0E00B3F28CDE8973E2BCB02801AC4A3F1AE495F35164DA5D585E920B8FD9A73FDEA561F2AF16967D765F91B146D7EC77440A21202AC440088991FDDDDB674E3ECDE27C99BB7CB4BFFD7E9E8D237BE4D4A9E790144248933404DABD9F872048B58587AE8D1389E8FF5FDC9BC6DA725D67626BD855E79C3BBF817C7CE4E32C9222F94451A228CAB26459B2DA92E1786CB5D1E8E48703240812A4FF2468A403A491C0BF9200497E050DC4818D76DA410CA58576C776D4EEF624596A8B96640D146589A4C4F1CDEF0E67A8AABDF71AF263579D7BEE1B38DA4AE1E1DDE9DC7BAA6AAF5A6BED6F7DEB5B5DD7ADAFADC1D0CBE5EE5DEBFFF6FFFDE62FFDBD8F1D3F39099587408823734A295DBE70F0F5AF7DEBB9EFBD74B0DF59561405CC0E157335994C423D62AE0183BB96F901C53338A89B89CA7C3E171126AEAA50857A341A9B1FCE000DA38AC7B52D16DE445C1B5B55E9FA1AC7C8DFFEDE9EC244454DC1FBE6A6DE8D946E6022223666A82A0E01CD30144A4C002E832503F68E0A1DC010FBAE8A9204F570286051C358664FD738A2D2F0E447D5515E87C78FA594E75E603253E0DA5D200B8C2A4F91BEF217DFF8E5BFFFA4031A98812B52CADE767E7060D3B9CE169055B14633300D5DA731A636BA480138508B5EAC8129A952CAAE1963B4D8998AA5A8B133409E6CD3B15BD2238FC0071EDDBAE3F8641420E1C67D0F3EF2CC5FBE2A8B76363B4004662666663613F3DC3617BFF0A5DF3877E1DC07DEFF696432CB572EBD70F5523BE2CD4F7CFC33613C023770AC9867D3D9ADC74EC72E87B55055389A1419452A9D5E6524C9904E20005EBDD2FC1FBFF1C767EE3C75E75DC717CDE2DC6B972F5FDEDBDF9F75DD5C554A2F3113D3A8AEC2465DAF3107A05E29C9407A251133D12C3965E9D41480AB30DA58DB082138404A090D7A656577070F6DEB612CCF3DD7AE8D778864B246E3357AE10769D16D644B25B52DCE1F0C7B780A3C0CF39C883004E28064C801036360E4005C41A84AD5D9909DCAC8E9F23F524FFD262C1EAB580D1E89764BA58355733AA4831FC6CBFEBAAFEF9A2B5562737753CFD97DECE6F0139F7C94980D5C1DC4B049303D80E92CCD1626C60E5516CAD144EAD8FABCC939B92898A13899A31A98BA3BAA404E161380D174AA5D6B399909D5356E6C74F7DE4BEFFFE0E643F78653EB953B124835AEEFBBE7DE3FFE7FF6E77B97BAD80120515D879AD0D5F5B5F35FFDCAD3BF7BF1E2330EA3D9FCC2D6F69998E2EEDECB6B93F1FB1FFFF889E3771465C012CF73B6CDAD3BF60F76D7267520BFEDD4C68B2F5C040AAA56D7F5E1D0B8957421C6F4DCF75EF9FE5FBF94524C69612A004834E27AC4140031301743C75276F7C27730073411C92239BB49D115AEC224541CAA8A99DDD154AF7FDAC3ABAF5EBEEDCC6D4D3372D3D1D8D737C66AF4C3D75AB3B14B0408A6A586E3A8E4EEB034613026204666271647225224A4E02160715DC8866CCC18021303111097EBA532A613FA96EE01C53F2440FAAA8BC2C364ABFF7A75F22CFB616A6643B50C1010954A7F896369FCAB021C9FAC0B801B750207539FCE7C3A979C310A210451CA9172F498ACEB3445CC39944860EE6AA4CA666EEEA6A462DDC2670736DD2345ADC6BCB545276E699FFAC0F1271FABB7B6DBF58064E620847CE9A5FDDFFF97BF7BE5F225D0990302843A6C8EAB0D82FCFC2B7FFEA75FF8DFBAE60A218BC085733FDCDCB9275A0BECC74FDE73FFFD3F0614CCB48FE5E846E861EDC2A5576F3FBDCDEEF7DC7DE24B5F7806C346A82A441E9A1B5628F3E511A552B6AAEB51E538242054C0ADE52B11A01F3CE09E634A39ABA9BA9A032257A3C9B8AE2B1CAA25459609993CF7866F035739DC7E66FBD557B31956C493314C36E2C1ACBA703EABAB3BA898AA975008D6C7D0220510084315EA9A889D194A99A6947598B1CFF6084BED19FB692BCB0D5C5FC9E9EB57878F56FFE52018D7DFA41B255283C3C71B0B1B2ED59C1C8B040FB97B3200A494B059C095ABD6762AE8317A56140B9260D1A6DC7A8C9A9267051114710710EFA15935724715ED3A994F65B66F395255DBC69A9EB8551E7B74F4F8639B779DA946213306440085F96EF37B9FFBB7BFFEBFFE8FAF3CFF1DF238F06F7C3C5E53DBFFF257FFF5D7BEF587394ED9D95D1DEDF917FFF2CEFB9FF8AB6F7D7E6D7DFD81FB3F3C1A6D5AAFC1D9CF8ADE3EB693C4168DAB75E870F2C416809BE450556F428F0F9196892B98793F10A3BF61E6E65944A48BB133474046802A8C46A331557599DDD75B61CF2F745565663F0CC0000061E7C4E8DBCF4422AF98D7D66C32AA9EFE2A2C1A543357743517374318DAE6098D89998CD94340662B7406376466E6BE20884458B22B1AEC1BBDCFB18E74621E960907BB2A7915AE3C6D37BB43C3DF1A640B0FB1037077CB0235031826912E855AC90C160D4C0F7CBA6F6D04051457F5CA1DDB4EDBB9B451636792200B660551F4BE88549E2C336395309FE9F420B78D55D564F378355EDBBFF77E7CE2F18DC71E986CAD63454E160C1CD12FBE92FE875FFBEFFEF0F77F673EBBC4FDD5040474B414175FFA8BDF3977E919F758219501360070F5CAAB97CF7FE7E2B9E76E3D79F6AE7BCE1AAB2F95B1DDC161737D92B275710C660EB6B651D72388A99011DFD0B0AE3DC801D14572CE49346BF96788485518713D0ECC55A88848116C9540531448DCD52C04BE46823EBCF2A2AB62C5301EDBFA3AE58E9F7DB6116377D51204CBF468351AE8578C8E0855A02A30B131230774236222262E95E6FE1F3019963A342212200DCEAB67341C198F56F2CDC1F44B80EBA1F82330DC2AF0B0F29016E01D00D4CCDDADF00880CCEBAE05073838B0C5029B46DDD1C805549DBACEBA284DA3395A4AA09972F69C212BAAA299BA99A113738AD436303BB0D98113C368C4930DDFB96BF1A10FD0930FEFDCBEC52312206640008F9DFCC5175FF8AFFEE13F78E5C5EF82E4C0056721EBC9EDB677F0F2EEF43540AD18D48B6AE47AA063B71CBFFF7BCFFD9966FFF1A77E71345A931EE85956BD607D6DB23F9DD92CB856554D02F98E33C75FFC618BB62C88DDF8583EA8FD0D457477D5987393521671B7A23C1FC6D564B2B64E2100F6295739892518E4FD7C3D37EFF775B88485DC11203CFBDDFDC964ADAA7CBC8ED584BEF54DCD86EEA80A667DD1B7EC098B3F262A1EC5891CD8810199A094C748811C2B0776202AA93D0CC309F0D04E1CE8B0D85E78E480A59A7324F6E130F67815051DB84CE5C3B23B09FB164570037427758C1E6B77325A347AE9921879974C951D19815520658A519A5673949441329AB1668C8D88A1684158400DCCC9BD5ACC653E5FE4ECD508B676E0E449B8E72E39FBDEF1D977ED4C2A245524743037BEF0E2DE3FFF8DDFFCF57FFA3F758B4B0484A1E4014BB1610747A45E4D3D9BBA21D1FA2D271E7BCFA31F4F3AFDEA37FFCDC38F7EF4B91F7EFFEC7B9E5C99F6DC4FDEAC46B568469DB4A24E4E8C3FF6634FBEF0FD3F2224A0950CC15773AC43DB420434373391D4A52EA7E845FC00385423AA46555D87502A9668AE7D5DE35A6FD873F41901984AF7ACF716E6EE10003691743C091B5B22423F7821674FE0B59512B0F7D63ACC412806E181B1AAA81063801DCB434A6EE440EE546E636F0B8373EA1B1CFBDB7B285BBE0C7CBD6CDDF5AE687929D77C7E089A3B947861008AEE40D93C2660C4B6B3FD3D6F3ACB608EEC886AAE4963E7316ACE1E936906C92882395A164C9945CC0C0ABA2EE26D87D3691291AAF68D4D9A6CEAFD0FC0FB1E9B3C7CDFDAF606319547A96FC2FAFAD3CFFE37FFC57FF9C2337F1EBB4818004B00B946E6AA0732DD01A0AEC2AD8FBFE7538F3CF4936D77F55FFFD9674F1CBFFBCC99072E5D9E0EE1CD572ED6EBBAEE9AC5F6F1D3AF9D7BEEBEFB26A663827108A1D0B29706541C5CCFCF5AE95456514931C52E657104C22A84AAAEABC0C421586163F6E993DD7C05964BE8441053261A72AEB237998C42C57963B35EDBF66F7D532E5E350737353084120A6578D6DC8910C988200462864085358A1CCA16CFFBFA7101917A18A5A01283071AC0F6438F84874955CF6FE893A7234F083A22820EAEAB67D614F785586A7E0A600E06E80859613EC38BE7B3AA2429ECBA4A25A46C4D1B630411C8029A3D0B68061534A5B6D3B810D3A04AAA9615BA56DA3646C1508D27EBF5D64EBAFD943CFC68F5DEC7D76FD9AE273CE0B1680C2E33FF97FFE20FFEC97FFD9FB7D357580881A19CF2D0FA7983F0049BC7761EF9F053BF78E79987A2CCFFF22BFFC67DFD3D8FFC0C51C5610EAE046050A21C3800218CC338B77A6CEB96EF3EFBE58DF5BBBFFEF437BFFAF4B393C9361A00B8B92DE745F60F6E9FB6BAAA7431C5AE737370E75057A3D1A81E1565362C034A56626641D86F625B38B830EF194F9A87B91B5000A91482ADAD0171F5D2AB6D7433655737F132A4B44C57002FC87891023422222AF47928DCBD250BB4D8CEA1550D9E6599C3C3E0568FB0A9573D2CDCE4286D32D75DA5F5596F1F136382A6812BBB309F72CAA0855C05943A6E16DA7649D444301B88A06410411334A5182D276816EE1972D2AC1AA3A6AC486132E1B59D7CEC447AE8217AFCE1D15D778E3737B8A24216434264F7732F5FFDCD7FFA5BFFEC7FFF9FBBF60218183AF663C0ED66D7E35EDD79E6C73EF291CF6C6E1C37D0E75EFACAA5DD571E3FFBD3A74EDD7D7EF7C57A540D7D1C7D111400DD9C9C99B2E8ECD9672FBCF8C3979BF92C54E3A2B4A658B812AB2E0A104935C7D4E59CCC2C84326CB5A6BE320106468502D0AFCA32121C39D76BC4C07DC87F11A1625653EF696D06000140362661BC8ED3999EBBD001D466E806EEE8EA4554047BBFD05308000089281005200666C6E00880C483A12352DFCE8254D4C5FB7C89F0F07C972F1E72C26B63F8118F75A347BE3065A417800033683BB87C25CF1AEE3A10717334AB53866E61F359EAA267513173633510E923A01BB8F1EC20C7CEBAB9E7362D16515426EB559800075BDBD4773F5C9D7D64FDD147EAE39BC03462447647ECD50B9EFFCE8BFFE41FFDB75FFCE2EFA0080D429E2BF4CE9B6CD65037261B1BEBC7C0FCC2E5EF7CED1B7F70EF5D1F7AF081F75320D1545563B3D292657D860B8820F3D985575EF9FAEEEEB725CFE6D27303CCCDCCA9A22133F715128BCE170B33198F46555D1152092BBEA2236243A83EBA108781F506E7BECC16018ACE999B3A73F949A8826F6E703DC26F3C83C015100C86E5D8E37156F80225DB2F71CDD98DDC118DC09820B8833BF7331D9188D8911D1891E9104E8361EC476124F779FDE1A90E936786947C5581B0F7554716AD0C9537C0A4D0B67EB0E77B07B94D5E5A7F2890279C4D7536CBCD0224AB9A8B822A17D68F094A82D859CED9D49B99B60DB40B48ADE74C4881184F9C1AF968F7F1F74E7EE2A9FACEDBEA9A2B0227327420A05238D8DFEBFEFD5FFEF98BAF7C2F98A00F0BB4B244ABB3E3571E7904C4975F7D063CEDEE5DFCD33FFBDCF6D6EDEF79F823C46307EBBAC5CECE4970722F566506EDFEECB51FFCE01BE75E7A86A98B2D84FEA90F409E73A6420B5E0A78A00FD995AF4DC688C4CC87B7B36C990E619DD5ADE7AA5BB2C1EDDDA0CDB0845973002700562BC9920360184D706D13DB057CEF3B1D734D246E5A94AEA00F823D745D0AC92184109C8896FD70005AB6AE751D0032213259797DC1D90FA1D1434BBFF1A6B88CEBBCC66F2D1FA965ADB2BCC60015400CDA08BB7B329B5A337771F3C01440B32DE630DDCFCDC2DBD69BC64D011C445115DCD1C553B2942027CF1952979BD61773E95A45C76A5C53255BC7F2830FFBFB3F74EBFD67462727DA833503E58BFAE5F1A6692E5DBA08863D3FF8C8B9BF4ECFA70358972FBEF2DAB75E78E9AF0CE07DEFF9F7D6D68FB91B3AB44D73DBAD23704754B7F6E557BF7BE5EA0B17CE3F97F28CD0104229CA11939BA714CD745CADB6EB589FEA7BDF8CE047F3BCA5ACE335DF819B7CE70D01B2C01C733AFC72EBD8DA68DDBEF8C583265600C0181C121A81919B63217490F735637622E4D2818AA597CB3958A89803D62334514007CA8823287BD8BE6902A0D0AD7A377CA86BB87AF2B0B24F5EBDBCE296868405CDD51CD4390A4EF7FDCA6E6E16AE0E1480A91683C53C37739F1D403B83AEB32E7A1670675317F52CAED93562CE1893759DB5735CCCBAAA66661AD554D755B53DBFFDC1F8D1A7B69F786CE7C40E11242223A8CB99E3CA3F003B7DFAD8FBDFF7E4D7BEFCC7048C10AF1F65BBACAB0C8FFEA1C9A9C5AF7DFDF7B2D53FFD777E7567E70E077730079098D7EA516C775F7CF9ABE72F3EB77F70BE0CE566E481B80CEE68EE22B9EB9ACDCD0D806B92AB612F697D95EB9AF3B92EF55BEE52AF7B02DC0F21A0D7391045A5220680B0BE8E29E1E50BDC871F4242725C49D686A6CD02A79782404FCB66A0BAEC2D58342D831492337971573470ADCA192E7DD250D2713B02D9167589E5F51D7DAACA6C7544758ED1170BBBB2E7D369162362E380EE75DBFA74262943DBEA7C0ED2546D2B494085DC5C15B24016CF9D6BE6B6B5B6F166A1CD3C836335F28DEDCA3D1F3B317DF0BDF9239F38FEAED35B6B4523C1EABA70A57B65FE126186AD91C12FFEC2AF7CEDDFFD09A2A0E34D0A067EE4437F1018CEE7FB1F78E233C776CE3822B82180E4389B9D7FE9D5F6072F7C6736BFE80688C474B8EC05584602D5BC58CC2793090EA995FB35397729E139DD9CC476ADFD5F97631D4A6DBFCE2F838710724A21302284F509BEF00399CFAB924033FAA8AE92662D098C8383B915932A2EC73138A001218233B19A7459C03527AF8ACE41E1302010D99274766D19F908F27968F332849AB23731C0C2D1570003C88E22B098C3DEAEEEED4B12A700C48E1072E78B793E38902E79CA0050754DCEAD4A2453CCD124BB8AE784493076DEB5DA34DAB6E22861445C234F64E70C9CB93B3FF1DE8DB3EFDEDEDC80110DE4335E75514748AB08440C67DFF7E8ADB7DD7BE5DC733DF673D315C43EE097AE65AF1028106F6D1D373300C8DA5EB9FAC3F397FE7AF7CA33BB57139447B350A81D57ACB3C718BBB62B235556EC6019E58E54F1AF0B7D37318F6BB74C87BF7DA35FC6951545426066150B21041EFBF32F7202245655AF2A968AD04020E7A4EE4E8EC4819910B5AFAF072A551A242851A950AA966F4CCBC2CD91DBBFC2FF3C8A3A0CD784876E6AB87D250816543D292E1ADBDFF3F90267337320AE0322745D5ECC25456CE7B8682D8B6781BAAE9A7992467204154CC935798A2212DA56BB285D021174E7BA0ED5B89A6C2F4E9D918F7F72EBECA378EBF1D11A158F00D847745F918ABAC66A10011E78F703671F7BFC4F5E7BFEF57D428F17F789FDA89071639C2D9AAB06F3F3177EF0FC0FBFB6BBFF32782274465438ECAC39927DBA3B58ECDA2C32198D6F641F47CCE88D7CD5EB9F31BC6E043C4A6C223435550D57AEF8F98B19CAF87907300F6C58135335AA82AB9BB982B819A223956A8CF51B3AF2257245E804366059E56309AA3DB5A18FA003647AB3C30604C5010DD81CCC4114660B3898FAC1811AF45D804821259C4DA5693475D0B5163B4F9DA89108EDC5698E208DA7CECD18B16E16B96D3CC5DC76EA80C05855EC301AADCF4F9C691E7F223CF9FEE30FDEB7B63E4674088383C54298F6253277DDCE0801004E9EDCF9D99FFBB93FFAFCEFF5CFC24DB0ABBEA6E604C008C141014C8CBEFBBD2F3FF7C257A7F38B2168A18F00A89AC2120BBCB64CAAAAA96D9A508D38846576E56F98635F63117EEDE9BD81151D7DF935C9BD6A29D11A318767BF6D6204A80E8648A26A96118009807BD8D390CC9C808905D9A02F27FB10E54AD4E3433B5BAD030EA50B18787C65D0FDEA0C8EE585967AF7F2C2C5C11C168DEFEFD9DED49A8527530E4C4C29E1A29598A06DB19B538C2219BA2EE70E246BCE66C6966971D0C5CE248B9B7631AB7AE93C23A63046AE6CB2D13CF058FEC087B7DEF3D0DAC94D662CD0545FB72CDBD925CDE448F232A4B4C335E0A73EFDE97AB29D9B78E3A9470373C3DC11198C019DA972F7F5CD9DA6B91C028F18001800C00BAF7249F5BFA69A85A2B96D17E830194F96830EFD4D5BC4EBD8CF9B34CC52325255002855424464EE09EF8018BEFBFD3954131CEA428CA8806A86432047EC57021D9008D14AFB3311F402EEA55C3334CE174E192CDDD4B2DEBCB4AC950BF0239FF40FFB72DBD06598CFE0CA559FCD72160086BA66353AD86D9B3974D1DBD662424968469A51BA2AB79E63215449BBB0DC694EAE8A5DDB706024E040A126735BDBAC8F9F3AF8F04F6C3EF5A153C78E850D06065C956B455FC9AB8EF6722CCD6E19C91DE1E46DC77EE9337FF7FFFA67BFCE2BEC12B8268441EFAB88EBBA1ED5F5A4F0D77AB534B01BEECA56A4D50A46A54DD38AF86834E61E905C7A8DB77CF88D3FBF0156B2DC1D2C0D0B601056C0253BA5FFF5E0F518D1C19C1CADB8ADA5002659413B7B011944002A5F52400A401531031116522B7369AF302C281995B4C90CA80F7FCBA78F4A99AF07A5BC1F198506AEE06A94223673DFDDB7E9CCBA2484485C678138D3D941EA3AC811443127D6ACA6201924416E3D35183B4F1DA48E62035120A5A4EA4C0191AA8AA9E6F1A66CECC4071FAB3FF8E153EFBA7BB43D322E8D606808C037E00EE235777A5987C3E10B7700865FFBEF7FED5F7DEEB36976F9689A580C83008930545C8F466B55181F4EE41AA6A31D3541F45EFBAF7FAFF2D09969EA1AD1C45C8F46E323FBB53704CE6E665B37A8AB5D1F230B4A6B5AC64FF68CCE1E71F5EBE6DD070707435072839C040C1118D14A1EE30EEE162A665E6E90902B2FCC6322A0227C50C4D410C1ECB06BAB7FCF423B8052DD71471B9EF465BDD0C0CDD101D45184DA16F6AEFAFE5E6E3A7160641285B888F339C5C617338BD10AFA9193A8A0646E5BE9161A5B4B89DA46631449D87526E680140287401CA81EDBC676BAFFACBDEF835B0F3E581F3B360A640082CEBDB0D76A06F85656A8D4D98EDFB2F5C94F7DFAF7FFC53FBFD62E1D10EA51D8081587C02184A22DF6A652A2253308DCCDBAAECD29813B1133B31F79D93B32AF23EFB95AEA075033552904E15085B20F7BFD730F290119A09A9949365060C2100811A05C3E52A13060215310504060732A3C6AC281620E08EAE64BD2685FB429DDC98E858C8003AFA8F75E589899C551751DECEEE2C1AE2E16AE0655553BF27C21B3A969C49CB86DD26CAA921C0D113C4690ECB1F3E97EEA3A73A59CAD6953CA0AC04932060A554D81C348D737E0E41DF3A73EB4FDFE0F6E9D3C41559082A4A317EE91BF93D5288695017EEAD33FFBF9DFFFACC62506DD5F2A5358DFD840ECC992BE6C7BBAF9712471700374F1AC92001C218CEA090C7DF57E5D5AE7EFC8BC0EC1217717953240A4A048F6E6426ED00CAA02E2AE60EA60609899B9AA833350200E44E41CA880CEE66668C33707223202F54DA1BD9EDA12F01972AD019A727044EBB516D011D55D15DA0EF776F56066F3B96A4662AC42DD3479D1744D0B3992658CD19A05B42DE6CE2D8B64489D969687AEC9925133C4AC3127070A15548169C455C5A3896D1C9B3EFABEEAC33F79EC5DF76FD44119350093C360FF87A4C26B14A8DF809174F430C84F3CF9D8993B1F7AF1F9AFE33017F570A1FBF9946F331372D3B66D4504D0EB6A140203BEADBFF5E60E7333EDA1ECAAAA0AD9F7C62AB73732DF60EA9EC845D1001C5DDDDC3528AFD55431B070E51C30042869A23AAA55453B940241702FE923161F5619706144011554AD144110D17548560CB0247F62D06658CC60F78A2D162927240A04985B9B2FDA2E5A4C1023E4E49E3165C811A4831C3127681BCD2DE50C92BDEB2C76595514C89142CDC8C001476B34D994BBEEA733F7AE7FF4A327EEBA8347157841557B1DB2B2C138727FFC2637ED0D579180EEB9FFAEF73EF5E4F32FFC55B0E5766EC02D0B4961354D5BDDC8BDBEC774EB62949CCB98967A54970AF8DB33D39B1F08509A66DCCC10898887C077F337BAD1990715B364604ED67B5C538D9DD66BA122E7002682485485AAA61048C145C11C3904033337C4E0880E85C64CEAD81B56CFF0717754372A8D5865D482BA3BA5CE670BDF9FE9749673465564AA63B2D9B48B1D6BC62C1823C6A439A267D78C4DAB5DEBB1B5142DB51E5B484953EE9AEE8AAA31AD01D7A10A5C855087C91A9FBC33BEEFC3F4F893C77286ED1D1C0524773CD4122C3BFAA3FB99EBEE34DEE447D7AF89834305FFC97FFA9FFDDFFFE76F392E0E13362FC3485EEF0FAC66D0BEF21101DD41CD528C6A8A88A1AAB80AD7206A7F039995F7AB535A7742A8DE01AC0A01955C07416803507775114CAD0020125228947B7567C0926CA11A868AC4331E52351C1C54D5D40B0256D00A87D23788D24B0CB91AA6845D63B3A94C67DAB49415C1B1741ECFA7D2B5501E4E51481952068900C973674DA38B45CE912463CE12BB76D14E9376804A3461AE308C43C5A375D8D8C29377CC3EFCC9B5279E383E5E0F572FCBA422500F4C83B92C8DFF9D25BA2B074140B6F73C7EF6C91FFFE4D7BFFC0768B26A7666867434D2DE3C96F96055E5CB9CB39A2038623DAA2608FC37E5AB0EF9235E58E8DEF7C3F48D2E6FF35D82E6A20159A4F5D05D11881C5CD944246155868997448A080ED97C1642605E7D6F972C666179C6C521589FA7BB3AA4446DE3FB7BB2987BEC4C95CC3945699B1C3B491117538D1DA624AA6A0629731697E4324FDD224BA2B6B39C53CCB31477B344F79A6912AA75C27115C66152AF1F8B67EEF3B34FD6A7CF1CBBE5346D6D8843602A3D1CB4649E2F5D11DD9CE2F9B61609A9827FF48FFFF17FF077FFDCD2FED119246FEA2F1C81BF072021E75470E71042A82ABC6E50F43B3A6D735575006622E47EBBFA8E363310C0B4C0723DC328399843992E6D85A08C8040C1A846AED081D414D014309490820ED433E8D5449D9C41C98B9E1A15BD3A07118CC92F5F4EF39976D1352378AD99DA2637ADC71617ADE588A923499863C89972B698540A51B8B5AE9514631B67314D53DA35978A4F308D318C9827A11EAFADF3D66DDD7B9FE24FFEF41DEB5B3A9F3A33067720A8D186C558A5ADDCF8912CAFB36B56FA8D4DAAFFB388F0810FBEF7890FFEF857BEF079EAEB9C43987913071EF98B0EE045071AD1CD90A922E437F377DEF884DD014055C5B40A15312F2F1711BC1F29FD368D2B98BA2B10100030911AB8BAA9ABE6A5562855564FB0AA01D9545C414B5357DF2450665D018093886775603744702004357081D8D86C060707D6342A39A89B29A4A8CD34C606DB5653C2945005345B575A4623E584451321C62EA6451BF7DAEE4A97F6548CA0AEAA752226E650D5F5B85ADF09EF7A343FF58963EF7A289CD804774A94096B76708040CAC84709AB30D4ED1D57888878345F797D6776B3BBBEB139FACCDFFF95AFFDC59F5A6EFB7771375380EA4D59D5D123A5CE41BCE82654F50D5FF496D6DF07E28A9A9A59E9F019AC6A4995797B16351856B780808CE450911B81B38A127956078500102A1FAFF968CC4CA426A2E60821305299A4B284A650442581199467DE1CD0A16D7C7F579A392C1696B2AB1179681B6916693ECBCD5C34718E2816C0C9D5BB4E73F49C3136D2366D171731B66D3BEDF2F9365EED33389C846AC4A1C210388CAB717DEA9ED9073F567DE863A76E39112A344610F310B0E429544A69D7F5E2AF522B8E3630BEE9153AFCE4483904913EFCD10FDF7DFFC32F7CFF693280BEBEFF36F3155529671AAA3A84F04ED1CFB249533333240C211C4D106E52E3397CC19B3A4233D78A7C32A2B5717007133729B06540F250D178E2E37128DC5655ED9BF60B6F81A00743C9095D5553A4AE71C98E4E31FA745FA607793153CD688E0628D9DA59333FD0D8954E517475C9A8A666C912C6D672F4AECD293631EECF9BF3311FC4D47471CFC19046C4351123050E1B757DE2E46D6B0F3E5E7DF46776EE7F68A3AEB97227054729CEC9C00678EA70D4ECA173C2423C1FC4D1073ACB35E1C86F7633AF21BF1E7E810870CF03F77EE0C73FFAFCF34F97EE81C39AFB5B3BC82CA98ABB0350E0BA7FDF77E04F0A85D3DC4ADB3A12D9EA0372BD11BE75AB0280A00954536ED5D418C992992207AC028DC7BEB6011B5B230E0680A22222451FC14C89969340FB567977CC31C796E302AFCEF460CF9A26A6246E8CC0AAD8753A9BC5B8C07661A953117265974AC4B3AA6AD6E871A16DDB74E96A972ECE16179A76379568E21C42455C06983385BA9EF04367EB8F7D6AEBA1C7D7778E73A8900B838AD0FBA200B92DCD049770FFA16D0D3FEBD5996E54CC79DD8DD1756CDFD59F11FCEA7FFCABFFEAB3BFDDCE2E9637191460F12D59D820DD0B885C85EAFAB680B7675B3DBFFCADFFEA9B34AF8048AEA082B3BD4CE8931103901B5460756D938D9A2B74220548A63654709CC0D17B5DDAB2F57302006B71EF1C3DFF2D685B573533400E884112B68DA456DAC66347B1C31C49045D41B3C5A439BB691669529C4FE75716CDCBFB8B97BBD83818105654318C880292004DC61BDBC74FED7CECEFDCFE918F9F3E7DFBA8AED0DDA96FF12B975EF23F1473F39EBAA3E00A266568E421D4BE428F5C92C95F9700BA7A8FE1E65F22C0A38F3FF24BBFF21FFEF66FFC2FE0115045A3FBE4E60EF0FAE50700509122A8C75411554741B7B77398B982F3B2DDF92D98E95B00CBCA348C1098542DA7583333C16226E9DCFE9D1B9BE3D166199F2926E07D659A99898BE07191284270B40E70416BA0D256175F15C7EC90AB5099BB66914831B946EA1A8A1D96A63F555131499E628A39C6BC2B79DAC457F6F62F348B03D1E484C848C04810889989AA8DADEDDB1E7DE2BE4FFCC2ADEF3EBB391905662BE460EAF318801592A69915204D54D5C0815695097BE6BA1F0EDAF01BDC3E5FD93F0E12ECD84B3DC2CD5F6F8E86F0ABFFF03FFADC677F331D5C80BE95EAAD1A8567C90080C0753D46A4B798045E6F553D52F54EC0CF3765585D9BC721205219C7A52A81C845CEBF74FECAE5672F9FBBF5BE87EEDD38B5A9150010B12031154F557E01DD134FF73D5D4879DA1D3F31AE6BCC8B4E5DAA9A443C278F1DA44EBA5634514AAE22925504444C72936293A449B298363F982D2E2DDA0BB15B80332012304200573302425E3B76CF43EFFAC4CF3EF4F8076F3D711BD555D1750171470526C0C33C0A00DCDC9264C311A28BA36801D57CA9238DAE749D6138E02109E488A9F5A5E05EA91901576ABF47A90A0E7DAA8E77DF7BC74F7EE267FEE473BFA5D84F3F78F301084BAB2A203833555518C13B34ABFECFE2DF2C0C7663C38A315BCA52311110125145E4E35135AEEAAB575FBC74E51B2F3C77E296D3F7DC77F6B193779C081386D097FEC09C94E3AE5E7969DA1DE87ABD5655AC1A63575096D0740628B1F5B6F19C2C4773115350D32C39E79CF25C74D6757B6DBC326D2FECCF5EEEBAB9AA71494290919861845801D2E6ADA7DFF7538FFFDC2F9FBDFD2EAE6B20C6A52E2D0010A2BAD3D01C8E886E284A4DEB2A080429B139AC6F50E5503A25CB7BF49A5D036DAD1884F6BD464B7F36FC884AB7252EE52296B6D40F331A3EF741AE418D764EDEB6345A51A999DF74EA5DB4F50C8098ABA1A3FCEDDB56A9001E21DBFCED19161AA96BD4A4DED481D6C63B554D46B4B3B5D3B62731E7E9EEF9575F7BE6BBDFFBC2C30F7FE0FE071E3975EF1D936D724799F37C2EE75E5C04E38D49ADD299053307CF0E60125451C47292941C8CDC2927D79CB2CEBB348B799A75BF4B7BF3C5C5597369DE5E4DB94507F460A03D8684E2665575E28EFB9EF8F82F7CE8C99F3AB5B689F396A0C3500DD02C81E952B5AD67112240CE389DFAF98B4A2308012F5E21AEAD31ACA8F748C52AC4C0A1AF94F66FEA60DA5B46518558568AADF49F998B983B24EC8B56BD312D27C9388AF752047E30FFC217BE023C01EFC0AD8031871EF008EDFC06B99D9A9819801323A1E33BA33398D952467159337AEB18CB9B332C130757F1247EE046445B5515BA2C84E35B8F9DCD72FAE2DEBF9BFBA5C5DE4B4FFFF90B7FFDEDDBEF7DE8430FBFFBA3E3C9F6E2CA5C54C3A8AAEB4AA2BB913A88889989888ABAB19A4BE11CA03940EADA180FB2EDC7BC1FF3C1A2B9BA3F3BDF74BB31CDC5150109AA32BA040A3982C2FAE6FD77DCF5893B1F7E7491D69EFE9252004220A65054BED901BCAE6B66CC59CDCC11B962226A1A6916D2B6F4CA6B099CDA36F288EB511E18E26065062100381AF49ABF000046877E0840DC0F77E3859F30EC146DD84EBA4319393E2C94392544240B7BDFFA5273E57C3D5ECB8B08E02A99606D79F7578CF6C68BEB5EA4998A6EF99B182BFF3A07A2BBAF06E2BF55BF1554D5BD339B995F759E0426221059EC4F5F99D4B4B97E1CF9210C7CE9EA8B490E0EF6AE7EEF5BDFC4EEF8E9DBDEB53599D414D083464862398B9A038099A5246E4E6066A66A22AD622BB98B6916D37E96E9A2BDD27457F70F2EB671261A91CB2D2C5A98CA80C044F5787BFB89FBEEFF54D83A356FAD79AE75B0D198113DD4142AE6CA461320049196035BE1E9130161CE465469D6ACBA7BA523647770CEC8C8818B96A787726F4B3E45DEE7C56538F1322B472F8EA22C8D43992501005044087A541DD0C556502D2444644A8BA77FF7B783753CD988B1CBB94D39AD1DED565EB5A2A509AC18561FFCC29169976FEB18C8677F9BE6B46258EE2ADAB9CF10A7E88C606E9AE560D63C3F9BCF103BE66A7BF3F8E6FA4EEC32F1DA6DA71FDB3971DBA41E01BA3B590722296BCC59B4D7672A994E124F22394BCAB2306863DA5FB4BB5DB7DF76078BC5D5B63B30C88445A8C47A1A2128825198AC6D3E72E2C453C78F3D425C49CC961589014883100306C74AAB9A16549AD2B8FC362116FD2500F6E5E426E03E5A11F4DDAD45AA94578050C4A39ADE3A7CBF1722BAB6D0533C16AE9AC361EE5E7A4808C52E7F67FEE25F85DADC7854AF8944032D59CE0DD0ACA3F1097A729F81430881C33BAA0FBA83AA0C42FB3F12C31A4FEAAE0B921881C0CBF0384C796FDEBD8896BB7697C2783DDD7ACBF107EEBCE7DD1CEAF1FA56182301A880AAE694B24475B5D258E9AE26AAC93D99B55D3A483217E9B27431EDCFE657BA6E3FE54596C6D10982B912819B9BF7D247216C9FBCE5F1ED9DF7AFADDF63603989674572A00A895C0C989C5DA30914124AE94FA3B2718A2965D5E27D7C902E2C8BAF60C0D8D3FF119C57C210F6A0DCD2CC008656D1623DD4372FAF16156DD9C8702D35D8016442FEDA37FFA8AE2200BB7B3D1A752988A8AA1217C94338E43CDCC485993B0031D7A5C9A36F40795BA6A5AAA350FF68AC0A00C2648C75D84C8D473930CFEE025A89C62ECDDD0F90C3F6D67DB7DCFAD0E953EF5A5FDB2A0C087353939852D7443337D0B20102503755CD6A0BB594655E72A994DAC5A269BAAB6DBC9A73F421377748658C0DA23305A0F5EDADFB6EBFF5A3F5E894214B9E22B065262644127077188D6A235437AA18800C030000BBA30B610233237320626632852E8BBB23210039D48E0C5846D9BAF60D707DA78DFB72A88A132DE7FA39F4ED25E42AEA62B87C19020470322D13B99970A87A818AC5AEBDB2FFFC9F2026843120283A5523F7D86966A8089665197C9D4AB7BB23705DAF01B1BF832C5BCD7E54AE6A30AC2AE06434C2C92DCDA2CA791F811C14D0C6D52DEB6BF7DF79FAECC95B4E8F466BA11A21901BB4B189299A694A5155C0555D01D14DCDA299883659A75962B636C5F9A2D95BB45767CDE5986766EAD6F7E92CAFD3DC11EBD1787B67FBDD9BEB77A57C90616E6888EC46A508CF5C398E1CA9493D1BA19781F3D262A64B11111F6252C99CB4AF3C230201AD03D645A6C4818C2A00E0E23C863E59774702667080B21D03340063323375D4C2C3460000220C00881890C8B8721EBA758920D4FB179E4DEDAB639800BAA103785555292537BB8EEB7453AE96BB7308CC6F1F17F51EB2B0D0F3D67F045003004060F6F198C8B1A2ED9C6B2016CFEB93DBEEBB7BFBC4F163DBDBC746A3808C6E2639B76D5ACC774532A08A64B568206666E06662D6AAA52C8B949B989B2ECF9A766FD1EE2D9A5D95B958EEB5944BCA8B06E0E63C1A9DD9D97A775D1FA76A3D2AA0756823E48A06712D62220E8E232CFEA9AF29F562358EBDF0488032A50F0097537FC9900190900009A8260ECC01919C5D837320224658C50B11036285005066B823183296BE504377ECE776975353552BBDD28C3EB48E3A8275DAFDF03B0CADF208C01C141047A14E9C4C0D1D96136F0E6DEB460702F51CC5777098DB618FF28FEA083B9BEB4039C75CD5349EAC5390AA86CDEDDB88B0AE2954E4882A22391FECEF2E9AABAA73B38C40AAAA26E6A22E66493DBBB74DB74869D676F36C5D1367294EB3CCCDA2B913C23046D5DD0D9CD94F9E38F9C1FB1EFDF9EDADBBB10223000F005C66D62F1BF589D0CC8C14B91FABE008DE77DF2A00953CC87DB989EA75231D281B001A52027440066622767763B55A42600EA1F41031918822A1821B4AD91F02140786EE05CB2890C2D0D36BE6EE5CD26D1EA68D800310CFBFB3FB83DF0B8C4A44AE50DA4F91C6A3F1A26DAE2F585FB32A2BFC8BDE88DF41E1D9DD2C5415BC4D7AC5DB35ACAAAE10DD24237B55C378C2753571CBE0810025B739CDDBF9C1A299A6387748D99AA2FD5DC660654D62512DAAC69866F3E6A04BD328F32E4E536EDCB343D1CFEB5B081109D0306C4DD61FBDE7CCA76FBFE37DF5F6090377302402473747B4C2B72E457D42062A75F0819F5E68CEBD008C92130C33E8BDC72ADDADC8692180BB0677402676762EE936A3923139F773C80C5DB44CE244E0B05C5D4703A27E073068D6AF4C641972EF625E2AEE12405EF8CAE7205D751EA19BAF949DAB2A84C82A1AC21BC0077DF592F0B061FA6DD8D4F0BFB9D38FD863B54D8E5D331AE1DA064DD68599BB267B32F3467D369DBFD6B55734CFC1D4CB6058147505942C494D4553B698A59D37FB6DB7DF76FB51675D9A99A5324ACEDDD17BBD350500DF5C5FBFEF8E333F7FDBED4FEDECDCC2556D6AEAA6A040C888A28A2B2B0580D97C68D14218ACC700FBC21D801EE6DDE0A5ADB648BD7A797347402474177775750C88486512A36BC19C5C11B0D414793548B99317E5AA42EF727020EA0D0B1D000C00110C91945C110DF2ECC2B96FFF615DD1F58939028EEA5A442AAFDF609D11DC808838B0F593F7DEBA55F9301AF3476953C5B09A456B62AE4020278E6D8BE874FF9CEBBC8DE717DDE5A6DB45C8652C2A40003075715755116DD42469DBC6BD83F995D9E2AAC85C3427EB08C78438F80C2D89122260B575FCD8C71E7AE033A74EBF1782019A199B97871AD110C870D922EC659CEB90E70F7ACB3D7F7635EDF0436CB22F2096095D45D7A568C78903237A49A7BC58085829760FE27008C4648E365843BFBD1FCEA227CD426F678EFDFB22221A984278000001CC494441541859162601F51F7EF3F3635878D123BD6E49D57A177EBD255DFF1D7C6319BED73BCCCDDCAB37F28E7F2B86359FED12E54AAA8A362F9CDB9DB7AFCD1717CCF7BB7449359A891570CB841011DD5C45C4CC45675D9E4F171716DDC52E4D459303828DD6C76776B61E2146202664A28048481442BDBE76F7C95B3FB1B6713A89832212036A5F104604A2223831CC26F3810443836738ACB115CB18DAD58F2C4629BA14FBF4429C01622A83C6C9873155800CC586A9970D4604CB464C76886F0120210FB542EB7325280297CBEA086269AA06ADE3F4DCE2A52F5581D5ECC8300A04704F29A59800C0CDAEC7C16F44DFEC09116F63694B36A8A2FFFF18D6A23B5F05B7106AED667B57623ED7A52B9AA7E6076AFDD3A56AEE193C39982388A8E4DCC4DD457B65112F88CD00940800265C8DD727B79E3A717FE7AA54664E6879F4986B479BC7E75A3908F5C6DAC61A7AE1A397DE6D46C7421828F5ACA51274C9ABCCF1BA5DD4520170A598E265AE4E8FAE2196398FE6EEC080444E565225004246A032A4D390BCC859BBDBEA687364EC69425824747A816B62E6AA5FEFD286572C6C7AE9DBEDEE736377423A32EBC03CA5BC681683B8CAB54AB437B029F7B7BD9BEB9306B3436FFCA33DFE3F7D5E9BDB28355AF30000000049454E44AE426082, 'a665a45920422f9d417e4867efdc4fb8a04a1f3fff1fa07e998e86f7f7a27ae3', '2016-01-07 18:06:21', 'init_pro@aliyun.com', '17085373109', '', '402881eb54ce97220154ceab271f000a');
INSERT INTO `s_user` VALUES ('402881eb54ce97220154cef2f6c7000b', 'admin2', '管理员2', null, 'b3a8e0e1f9ab1bfe3a36f231f676f78bb30a519d2b21e6c530c0eee8ebb4a5d0', '2016-05-21 00:15:10', '418826593@qq.com', '18405471657', '', '402881eb54ce97220154ceab271f000a');
